soc4,label,Jan-17,Feb-17,Mar-17,Apr-17,May-17,Jun-17,Jul-17,Aug-17,Sep-17,Oct-17,Nov-17,Dec-17,Jan-18,Feb-18,Mar-18,Apr-18,May-18,Jun-18,Jul-18,Aug-18,Sep-18,Oct-18,Nov-18,Dec-18,Jan-19,Feb-19,Mar-19,Apr-19,May-19,Jun-19,Jul-19,Aug-19,Sep-19,Oct-19,Nov-19,Dec-19,Jan-20,Feb-20,Mar-20,Apr-20,May-20,Jun-20,Jul-20,Aug-20,Sep-20,Oct-20,Nov-20,Dec-20,Jan-21,Feb-21,Mar-21,Apr-21,May-21,Jun-21,Jul-21,Aug-21,Sep-21,Oct-21,Nov-21,Dec-21,Jan-22,Feb-22,Mar-22,Apr-22,May-22,Jun-22,Jul-22,Aug-22,Sep-22,Oct-22,Nov-22,Dec-22,Jan-23,Feb-23,Mar-23,Apr-23,May-23,Jun-23,Jul-23,Aug-23,Sep-23,Oct-23,Nov-23,Dec-23,Jan-24,Feb-24,Mar-24,Apr-24,May-24,Jun-24,Jul-24,Aug-24,Sep-24,Oct-24,Nov-24,Dec-24,Jan-25,Feb-25,Mar-25,Apr-25,May-25,Jun-25,Jul-25,Aug-25,Sep-25,Oct-25,Nov-25,Dec-25,Jan-26,Feb-26,Mar-26,Apr-26,May-26,Jun-26,Jul-26,Aug-26
1111,Chief executives and senior officials,897,799,891,1269,681,701,608,727,689,753,659,534,944,811,732,651,679,820,711,737,791,786,703,540,923,816,768,657,800,837,848,709,762,788,833,616,913,931,1046,546,562,494,595,503,515,580,524,512,775,654,850,663,855,796,899,732,745,821,707,838,1059,959,1037,948,1191,1018,1012,792,848,887,895,825,828,772,825,639,856,803,606,660,559,593,557,575,664,611,662,522,643,515,523,512,472,566,533,347,560,791,886,637,796,822,598,521,555,678,621,402,627,613,[x],577,780,679,695,636
1112,Elected officers and representatives,632,555,686,634,673,662,570,712,716,597,591,420,643,504,632,630,1330,1593,1193,1375,696,717,640,423,814,577,694,557,808,980,1105,866,1028,1410,915,674,680,1001,936,480,401,395,393,595,852,1039,953,799,772,832,1275,1013,1141,1363,1356,1149,1257,1315,1194,1051,1290,1067,1209,940,1119,1050,1062,1111,896,990,919,638,785,689,700,665,737,879,590,539,472,509,480,313,527,400,405,578,551,529,562,519,477,476,377,231,413,451,502,467,630,[x],[x],552,544,539,473,262,578,427,[x],516,522,520,505,580
1121,Production managers and directors in manufacturing,6717,5295,6058,5206,5661,5603,4594,4653,4447,4590,4430,3568,5355,4420,5121,4355,4570,4715,4857,4782,5278,5103,4687,3543,5438,4769,4990,4524,5788,5965,6140,5029,5107,5432,5461,4018,5718,6114,5433,3390,2728,2751,3217,3155,3840,4335,3554,3499,4065,3940,6320,5268,5431,5207,6059,5320,5339,5691,5682,5343,6594,6342,6581,5535,7248,6034,6617,6145,5723,6344,6171,5189,6021,5384,5119,4299,4970,5506,3900,4135,3433,3376,3742,3405,4597,3754,3807,4305,4289,3755,3951,3911,3588,3457,3086,2117,3431,4181,4615,3719,4834,[x],[x],3976,3890,4230,4108,2152,4129,3626,[x],4002,4040,4160,4196,4989
1122,Production managers and directors in construction,4764,3980,4908,4415,5158,5638,4733,4416,3977,3766,3599,2632,3893,3080,3715,3014,3552,3257,3142,3193,3389,3329,3190,2594,4151,3334,3415,2829,4265,3987,4667,4500,4261,4237,3722,2838,3795,4441,4016,2278,1408,1749,2036,2338,2601,3088,3139,2581,3425,3590,4862,3906,4241,4405,5267,4248,4399,4528,4041,3592,5192,4510,4597,3780,5059,4566,4711,4475,4595,4306,4181,3304,4471,3963,4183,3416,3898,4892,3457,3206,3056,2644,2845,2362,3444,2861,2751,3619,3539,3247,3869,3257,3063,2802,2225,1563,2793,4272,3182,2824,3723,[x],[x],3457,3881,3406,4155,2029,3771,3440,[x],3353,3318,[x],3700,4297
1123,Production managers and directors in mining and energy,177,130,154,123,118,102,417,162,195,200,180,165,151,259,173,242,151,356,102,142,128,140,125,60,168,99,90,83,145,145,126,121,90,85,109,104,106,137,95,78,57,67,81,85,124,149,103,87,94,119,163,150,183,143,199,127,117,137,147,133,160,145,202,132,209,174,172,177,136,164,200,185,153,152,133,131,129,162,122,114,80,119,102,118,119,98,106,105,121,81,107,94,99,81,82,49,90,119,97,82,111,[x],[x],106,99,95,124,148,115,91,[x],93,86,70,100,100
1131,Financial managers and directors,9402,7380,8516,7010,7271,8767,6963,7111,7434,8453,7527,5710,9622,8053,8532,7502,8155,7845,7560,7022,7200,7433,7839,5151,8165,7863,8651,6656,9760,10499,10121,8159,7551,7531,8081,6056,8406,8694,8064,4230,3429,3746,4334,3775,4358,4695,4535,4086,5424,4982,7783,5629,7014,6939,7677,6678,8106,7281,6912,7291,9133,8911,9209,7417,9270,8255,8081,7286,7369,7978,7981,6653,7834,7024,6918,5803,6588,6634,5382,4794,4180,4693,4652,4069,5394,4402,3928,4602,4596,3870,4324,3649,3829,3634,3652,2636,3848,4433,4358,3667,5014,4792,4118,4293,4577,4599,4355,2542,4311,3953,[x],3805,4499,4723,4036,4609
1132,"Marketing, sales and advertising directors",4783,3707,4160,3727,3590,3856,2864,2974,2798,3245,3016,2515,3887,3242,3807,2993,3327,3443,3227,3091,3183,3212,3546,2424,3917,3708,3835,3242,4495,4493,4560,3866,3787,3607,3752,3137,4200,4187,4692,2660,2203,2225,2718,2185,2373,2589,2654,2487,3179,2781,4158,3060,3727,3539,4073,3574,3580,3748,3723,3568,4424,4447,4582,3724,5038,3951,4325,3507,3172,3403,3497,3541,3406,3440,2999,2419,3303,3112,2377,2501,1833,2139,2215,2180,2554,2100,1940,2018,2225,1938,1911,1810,1744,1723,1712,1239,1726,2499,3001,2487,3796,[x],[x],1879,2335,2794,3298,1485,2262,2380,[x],2122,3205,3515,3087,3069
1133,Public relations and communications directors,435,382,426,394,418,421,344,399,327,366,342,281,475,386,435,388,393,376,368,353,342,409,362,246,369,361,413,346,476,491,584,359,422,402,421,307,473,454,483,275,257,321,360,276,339,358,297,330,344,379,670,386,422,466,617,485,427,460,453,457,541,556,588,482,616,508,486,536,383,402,424,407,422,450,405,282,372,380,274,299,280,275,280,218,275,281,256,279,252,224,197,221,187,228,212,148,192,245,256,262,406,347,284,193,180,229,265,155,212,195,[x],209,267,279,287,393
1134,Purchasing managers and directors,2949,2564,2688,2450,2517,3093,2348,2236,2088,2344,2246,1817,2877,2456,2547,2304,2364,2270,2219,2122,2293,2309,2287,1620,2556,2426,2466,1934,2904,2954,2989,2292,2397,2452,2409,1778,2464,2719,2329,1308,1036,1145,1336,1289,1506,1604,1605,1679,1810,1823,2960,1973,2421,2575,2833,2556,2544,2776,2682,2721,3136,3163,3336,2711,3500,2923,2898,2724,2745,3041,2864,2416,2828,2552,2642,1969,2456,2511,1988,1890,1681,1851,1989,1655,2167,1755,1660,1699,1663,1525,1597,1387,1490,1578,1273,1026,1418,1710,1913,1408,1952,[x],[x],1502,1574,1624,1605,868,1430,1207,[x],1402,1660,1653,1855,2072
1135,Charitable organisation managers and directors,175,168,184,148,155,153,114,137,144,171,155,99,146,108,170,124,126,122,96,90,115,109,224,241,225,183,178,246,420,201,721,415,506,342,425,258,305,149,347,47,40,29,53,708,80,81,53,43,67,76,95,64,97,329,219,93,114,134,90,105,125,116,112,133,121,125,83,118,106,85,103,111,95,130,107,58,109,94,51,57,79,60,63,50,76,48,58,58,55,48,59,57,62,60,45,39,39,63,62,68,95,85,88,68,90,85,60,80,59,60,[x],59,85,84,64,59
1136,Human resource managers and directors,9458,7659,7742,6618,8029,6953,5426,6243,6207,6234,6650,5010,8281,6497,7509,6252,7233,8409,7610,7096,7533,7279,7035,4832,7304,6085,6250,6306,7506,7494,7864,6543,6466,9288,7153,5610,7815,8570,7973,4275,3173,3342,3847,4169,4914,5559,4844,4661,5225,5626,10499,6954,7884,8667,12629,8891,8078,9107,9350,9257,12080,10650,11185,9367,12093,10993,10049,9249,8375,9430,8467,7496,8639,7896,7697,6599,8104,8211,5692,5498,4193,4828,4519,4429,5853,4583,4562,5241,5636,4928,5081,4581,4632,4655,4357,3002,4278,5357,5937,4581,5810,5673,5915,5017,5128,6046,5174,2989,4787,4224,[x],4588,5694,5722,5685,5968
1137,Information technology directors,1653,1379,1588,1468,1465,1414,1140,1210,1268,1752,1646,1043,1515,1406,1566,1331,1520,1429,1443,1218,1500,1381,1406,1011,1488,1375,1393,1367,1903,1830,1909,1578,1612,1737,1643,1187,1840,1963,2028,1209,1080,934,1097,1030,1092,1321,1256,1213,1388,1250,2072,1574,1853,1656,1950,1582,1617,1722,1734,1729,2219,2141,2243,1794,2302,1978,1852,1718,1665,1813,1878,1738,1818,1757,1577,1225,1543,1525,1058,1089,921,1064,969,961,1184,981,937,981,1063,938,921,840,880,809,858,635,849,1097,1216,942,1524,1492,1147,943,1027,1120,1296,592,1050,1007,[x],1018,1294,1212,1287,1511
1139,Functional managers and directors n.e.c.,2827,2483,2550,2335,2572,2518,2073,2199,1993,2239,2216,1658,2531,2357,2563,2109,2400,2272,2168,2022,2051,2181,2150,1562,2446,2217,2407,1854,2600,3038,2898,2290,2410,2594,2485,1842,2870,3028,2923,1623,1356,1486,1714,1641,1821,2021,1819,1757,2168,2027,3090,2433,2798,2885,3366,2933,2937,2925,2997,2771,3448,3301,3603,2890,3868,3199,3132,3236,2909,3261,3126,2623,2806,2803,2618,2035,2587,2657,1928,1929,1513,1683,1639,1849,2151,1755,1619,1726,1955,1560,1634,1521,1516,1609,1513,1162,1481,1854,2160,1694,2315,2148,1987,1768,1729,1946,2033,1084,1582,1543,[x],1648,2295,2243,2389,2858
1140,"Directors in logistics, warehousing and transport",292,296,292,261,311,256,206,232,239,232,216,183,250,208,257,272,230,274,247,258,232,292,257,184,265,248,224,212,274,276,285,226,239,204,268,233,314,287,300,166,139,154,163,185,223,241,233,209,247,236,399,246,320,259,303,262,236,302,329,311,374,394,384,264,393,309,332,296,313,357,322,255,338,326,286,225,286,291,232,207,186,228,283,216,214,214,238,222,214,225,188,169,183,198,174,172,187,315,346,186,269,350,268,391,191,252,200,133,212,225,[x],203,244,302,246,339
1150,Managers and directors in retail and wholesale,2722,2111,2569,2479,2566,2747,2156,2161,1912,2050,2025,1471,2662,1913,2027,1723,1811,2454,2740,2104,2060,2046,1565,1209,1850,1818,1734,1693,2475,2487,2558,2056,2094,2228,1833,1573,2127,2263,1799,764,728,872,971,1170,1344,1555,1034,1066,880,927,1711,1366,1496,1603,1991,2045,2012,2160,2032,1714,2340,2225,2264,1981,2205,2366,2493,2547,1949,2210,2101,1572,1927,1741,1838,1564,2102,2311,1839,1737,1423,1356,1327,1101,1507,1376,1298,1735,1846,1582,1931,1635,1497,1572,1225,804,1343,1586,1703,1379,1768,1847,1819,1383,1561,1471,1453,733,1975,1291,[x],1273,1544,[x],1428,1374
1161,Officers in armed forces,251,233,233,167,217,219,304,267,176,338,362,327,316,386,272,321,482,318,329,379,313,308,312,248,297,216,211,169,304,224,273,221,358,193,202,149,171,194,419,191,217,137,172,148,172,205,163,157,207,272,255,171,220,198,247,200,254,209,263,285,260,241,283,279,300,246,298,321,295,339,311,263,344,282,305,209,301,342,174,156,143,148,131,108,164,127,163,258,266,185,223,206,185,191,165,165,145,133,687,184,191,257,202,186,234,379,254,114,124,121,[x],109,152,122,185,202
1162,Senior police officers,61,37,53,49,51,48,38,35,47,32,45,27,47,31,44,41,49,49,41,47,53,53,49,32,40,42,38,35,54,56,68,66,70,61,70,52,114,79,86,82,38,71,77,56,53,80,51,51,57,58,83,62,79,73,86,83,66,79,77,74,90,78,91,58,66,55,62,58,62,72,71,55,66,48,41,47,61,64,39,46,33,55,37,45,44,31,40,51,65,31,52,36,39,44,51,38,45,34,34,23,52,50,41,50,36,48,73,20,53,24,[x],28,58,36,50,49
1163,"Senior officers in fire, ambulance, prison and related services",329,360,403,297,302,414,358,301,361,355,346,264,358,333,390,344,335,375,365,303,350,304,282,227,284,320,331,309,508,434,412,335,387,462,379,285,390,425,348,226,195,280,380,314,327,386,433,337,414,326,482,364,390,441,522,413,417,528,437,464,506,503,598,480,637,528,508,465,511,494,531,432,466,438,466,400,503,441,417,291,297,331,306,312,408,292,267,332,420,362,345,332,307,324,231,208,324,338,370,283,436,447,418,313,353,345,330,209,299,271,[x],297,349,342,412,525
1171,Health services and public health managers and directors,1744,1706,2192,1934,2091,2117,1803,1759,1578,1901,1791,1551,2167,1919,2067,1785,1737,1650,1630,1679,1767,1852,1630,1253,1756,1524,1611,1367,2024,2004,1993,1789,1601,1896,1973,1498,1954,2088,2396,1988,1985,2193,2346,2446,2349,2635,2303,2356,2383,1783,2689,1920,2069,2097,2367,2090,2311,2361,2522,2407,2611,2506,2658,2396,2699,2762,2394,2402,2307,2363,2539,2133,2157,2174,2039,1641,1863,1737,1409,1281,1170,1223,1399,1334,1614,1382,1332,1418,1502,1299,1467,1251,1275,1200,1154,812,1202,1358,1270,1061,1503,1353,1365,1127,1152,1237,1277,600,1193,1023,[x],1046,1124,[x],1266,1435
1172,Social services managers and directors,410,383,390,413,417,413,325,426,431,380,363,293,481,412,496,372,478,522,431,372,466,431,447,266,434,378,402,417,571,562,614,461,499,557,676,396,519,654,520,310,361,378,450,371,437,542,425,392,463,429,691,530,663,648,729,595,648,685,728,565,739,774,825,664,852,733,978,747,651,775,641,571,712,607,584,511,577,602,472,428,390,398,417,360,475,367,446,445,544,443,469,390,416,392,381,272,386,509,452,395,483,456,470,382,407,385,409,190,345,351,[x],396,415,386,358,399
1211,Managers and proprietors in agriculture and horticulture,275,196,232,222,245,257,212,202,166,204,163,149,226,214,241,240,236,261,232,264,237,240,191,132,237,215,246,192,335,301,299,207,239,233,259,233,253,254,290,156,152,146,136,141,164,185,226,206,188,206,422,292,290,282,317,275,253,290,289,268,347,354,388,339,393,327,363,255,269,277,283,262,317,292,273,212,249,269,178,207,154,223,179,192,221,196,193,195,195,209,215,156,155,137,125,110,182,207,233,203,205,222,213,173,191,211,204,117,223,166,[x],178,156,193,175,[x]
1212,"Managers and proprietors in forestry, fishing and related services",249,286,355,290,308,400,275,272,261,199,168,120,255,251,293,274,334,335,250,219,263,210,182,126,243,255,276,277,388,344,341,250,270,286,201,156,326,331,318,214,150,170,247,210,202,211,191,159,259,253,449,430,597,531,481,414,456,419,361,287,428,420,510,404,478,508,477,425,329,317,388,342,422,306,347,331,426,378,257,248,214,177,158,159,299,307,322,420,430,436,362,317,266,212,194,133,270,386,412,321,360,392,286,273,196,229,203,108,264,297,[x],306,301,287,278,209
1221,Hotel and accommodation managers and proprietors,1226,1048,1208,1323,1345,1196,869,843,772,714,696,587,1023,837,1031,757,882,991,964,878,901,1205,898,710,982,929,868,879,1114,1111,1188,970,957,963,959,773,1168,1195,1035,522,424,480,540,733,573,1015,629,533,597,600,1031,1165,1339,1472,1291,1047,1221,1127,1006,1039,1463,1448,1594,1385,1591,1703,1484,1403,1313,1443,1290,1298,1493,1314,1382,1042,1307,1356,835,864,651,696,666,662,1067,814,899,1006,1271,1117,1068,862,774,716,695,603,1147,951,1204,1042,1222,1271,1052,932,1165,1119,824,473,1340,884,[x],1369,1304,1189,867,1170
1222,Restaurant and catering establishment managers and proprietors,2952,2329,2816,2856,3311,2662,2062,2104,2124,1828,1678,1366,2152,1603,1926,1370,1537,1771,1739,1514,1929,1741,1628,1088,1336,1538,1502,1275,1646,1480,1417,1396,1734,1534,1621,973,1542,1662,1191,414,226,303,538,658,763,598,358,404,424,492,1688,1076,1408,1698,1837,1874,1849,1753,1693,1509,1993,2221,2307,1882,1996,1849,2061,1892,1870,2023,1546,1224,1753,1691,1668,1419,1630,1618,1069,1131,813,896,733,758,1146,1049,1085,1594,1711,1379,1493,1488,1308,1334,1115,591,1127,1416,1521,1370,1565,1448,1439,1533,1500,1551,1317,638,1290,1210,[x],1332,1239,1160,1278,1240
1223,Publicans and managers of licensed premises,255,316,598,493,552,667,457,367,389,296,416,277,461,263,275,151,152,184,220,185,187,186,178,101,154,138,139,161,166,205,145,152,177,196,215,106,181,214,133,87,67,98,128,113,119,83,89,62,67,81,164,128,155,205,193,186,198,192,188,151,194,200,210,150,215,172,202,197,194,191,158,190,218,118,141,173,185,195,225,246,199,211,114,144,195,181,206,254,184,167,162,127,181,150,123,65,130,154,153,121,170,160,177,167,142,153,124,73,141,142,[x],131,122,121,116,126
1224,Leisure and sports managers and proprietors,1974,1474,1897,1585,1776,1699,1387,1424,1404,1434,1412,1106,1755,1508,1646,1389,1556,1761,1546,1601,1747,1587,1822,1037,1711,1429,1663,1328,1971,2069,1811,1522,1576,1587,1544,1138,1612,1723,1420,733,617,619,742,888,1049,1157,863,769,702,806,1340,1217,1555,1517,1654,1561,1516,1605,1622,1381,1910,1788,1824,1626,2011,1765,2003,1829,1673,1816,1540,1454,1934,1530,1588,1344,1744,1591,1184,1162,1087,1054,1032,907,1371,1179,1238,1332,1568,1341,1306,1176,1196,1137,1052,653,1109,1170,1199,1222,1407,1282,1307,1130,1324,1380,1119,606,1182,997,[x],1184,1211,1161,1155,1168
1225,Travel agency managers and proprietors,172,115,114,104,87,101,77,94,84,80,83,64,88,92,90,83,98,110,86,97,94,94,56,52,95,72,63,68,181,153,138,114,87,125,94,71,96,98,73,35,28,16,15,12,22,18,16,20,16,15,72,42,42,51,33,58,57,45,63,28,137,134,166,135,140,139,184,228,263,246,237,214,239,147,101,93,82,128,66,37,41,45,45,35,64,38,45,55,54,58,40,44,46,47,22,31,45,71,83,70,71,[x],[x],89,71,97,96,51,43,54,[x],29,63,49,47,[x]
1231,Health care practice managers,368,352,396,373,420,347,333,384,365,333,379,285,409,403,410,365,390,353,335,299,298,359,358,250,454,362,401,360,514,430,415,352,345,349,359,265,384,427,349,214,240,321,362,368,381,464,417,428,386,324,450,402,481,510,589,518,598,568,548,431,558,615,585,558,682,541,612,643,562,642,612,575,581,492,502,389,441,468,377,305,285,319,300,308,345,340,293,446,372,369,330,336,318,415,316,292,342,367,434,457,458,794,512,460,488,521,400,276,594,352,[x],306,461,445,752,965
1232,"Residential, day and domiciliary care managers and proprietors",4765,3840,4426,4196,4746,4664,3321,3612,3405,3523,4149,3113,5100,3604,4252,3754,3735,4064,3496,3569,3985,3758,3628,2909,4507,3711,4086,3258,4419,4889,3958,3971,3429,4232,4056,3011,4323,4475,4241,4383,3485,3869,3871,3950,3905,4795,3588,3656,4506,4193,5485,3895,4069,4354,4948,4186,4198,4638,4353,3814,4599,4179,4609,3958,4454,4205,4371,4184,3951,4161,4339,3581,4279,3672,3993,3449,3721,3958,2758,2667,2441,2506,2828,2555,3633,2842,3135,4167,4595,3995,4004,3809,3619,3987,3490,2169,3894,4062,4134,3604,4243,4115,4105,4363,4176,5208,4110,1995,4039,3210,[x],3320,3139,3435,5776,[x]
1233,Early education and childcare services proprietors,13,6,12,24,20,24,17,13,10,13,15,15,9,16,15,16,15,20,15,13,19,13,12,8,19,7,6,19,23,16,21,16,21,23,25,17,33,24,32,30,18,8,13,21,9,11,20,15,11,5,13,14,15,11,9,16,20,23,19,11,13,16,20,32,14,19,14,14,25,14,14,9,33,9,14,10,18,15,14,21,19,9,11,11,11,14,15,17,11,7,9,9,9,11,12,11,6,17,14,9,18,16,15,7,15,18,9,7,13,13,[x],22,14,[x],[x],10
1241,Managers in transport and distribution,2078,1768,1957,1715,1931,2457,1684,1833,1823,1579,1746,1275,1806,1416,1578,1444,1585,1685,1700,1542,1651,1709,1450,1078,1636,1429,1489,1266,1682,1821,1882,1573,1546,1666,1453,1084,1549,1736,1356,788,626,887,1584,1345,1530,1477,1193,1026,1215,1248,2011,1537,1835,2147,2283,2079,2303,2407,2113,1923,2514,2617,2479,2110,2524,2589,2355,2215,2103,2118,1955,1539,1834,1526,1561,1430,1761,2110,1574,1511,1419,1585,1304,1124,1641,1352,1473,1726,1647,1581,1620,1591,1541,1533,1333,688,1179,1245,1544,1151,1430,1344,1340,1227,1328,1366,1267,670,1329,1166,[x],1289,1328,1413,1322,1428
1242,Managers in storage and warehousing,5973,3918,4678,4096,4650,6040,4445,4736,4050,5131,4916,3414,5502,4129,4067,3571,3929,3804,4091,4664,4536,4312,3595,2829,3895,3530,3772,3015,5164,5299,5547,4245,3577,3667,3323,2611,3807,4075,3475,1568,1375,1736,2017,2121,2264,2481,1904,2062,1962,1789,3410,2629,3185,3256,3999,4142,4118,4277,3976,3745,4782,4260,4521,3980,4538,4363,4729,4611,4494,5004,4578,3685,4695,4168,3975,3235,4088,4088,3191,3105,2621,2706,2855,2149,3344,2675,2580,3325,3363,3191,3598,3268,3227,3074,2518,1802,3024,2714,3630,2858,3130,2994,3110,2984,3147,3020,2774,1420,2744,2343,[x],2682,2741,2850,2964,2895
1243,Managers in logistics,1165,1029,1106,997,1068,1047,794,764,818,742,732,506,852,763,789,711,714,782,705,775,838,720,728,559,902,773,834,695,917,943,1040,866,850,790,737,557,921,994,772,541,456,495,464,632,676,934,797,843,782,883,1374,831,990,948,1209,955,938,973,1002,969,1194,1161,1147,887,1205,1048,1152,1062,1044,1178,1004,856,911,957,916,679,786,875,637,624,505,571,770,537,674,566,576,580,585,554,550,504,525,498,417,275,417,573,616,463,592,585,675,518,571,573,595,341,542,534,[x],562,633,590,702,799
1251,"Property, housing and estate managers",4537,3717,4270,3712,3608,3867,3167,3122,3128,3158,3094,2377,3464,2924,3285,3035,3280,3264,3188,3515,3488,3638,3420,2368,3618,3107,3266,2868,3779,4003,4220,3442,3618,3747,3586,2999,3884,4620,4082,2593,1832,2252,2678,2864,3139,3548,3188,2895,3572,3148,4991,3404,4349,4335,4632,4146,4361,4389,4235,3919,5169,4615,4724,3817,5016,4358,4743,4637,4044,4304,4027,3581,4316,3992,4150,3493,3985,4476,3391,3230,2849,2902,2721,2477,3641,2961,2880,3204,3235,3068,3031,2825,2827,2870,2606,1782,2851,3337,3223,2742,3445,3248,3178,3276,3023,3083,2937,1524,2885,2522,[x],2967,2731,2694,3253,3792
1252,Garage managers and proprietors,115,98,106,113,115,110,92,80,79,89,82,78,95,76,93,82,91,110,103,110,106,116,83,66,106,88,95,59,103,96,106,79,93,97,107,61,124,157,138,67,32,52,65,71,97,84,95,75,83,85,127,118,144,115,124,96,91,80,118,93,162,143,148,133,142,150,163,120,118,170,114,111,114,121,92,110,132,85,85,53,56,53,56,54,102,49,71,104,112,78,89,89,76,65,61,50,77,102,78,71,101,95,80,70,89,85,118,60,68,80,[x],67,118,118,109,100
1253,Hairdressing and beauty salon managers and proprietors,325,279,408,429,358,340,292,283,397,316,294,168,410,336,310,325,321,302,288,262,396,294,294,134,207,190,271,228,252,264,302,223,253,221,209,152,247,213,171,65,53,80,117,88,105,121,86,77,98,78,199,126,192,197,227,219,226,214,219,221,202,212,253,238,310,312,340,290,191,270,240,151,235,171,179,165,172,189,125,173,105,106,87,138,122,156,134,189,211,202,170,181,149,158,116,68,123,165,153,123,154,139,189,137,145,158,129,75,161,133,[x],144,148,142,151,119
1254,Waste disposal and environmental services managers,240,230,280,229,235,235,213,238,208,236,189,161,236,188,260,169,249,295,241,268,256,246,222,156,210,230,254,266,258,254,290,195,212,223,241,196,275,269,233,168,327,152,214,152,207,222,158,163,157,172,299,240,251,308,306,245,266,316,335,299,344,330,322,260,389,377,393,324,331,350,343,276,334,307,281,287,297,289,215,174,142,156,178,167,214,229,177,218,187,279,242,233,198,199,179,99,174,281,337,259,467,340,339,294,284,291,273,139,217,228,[x],278,302,245,375,267
1255,Managers and directors in the creative industries,766,693,772,681,759,754,560,625,605,644,616,490,690,759,787,723,703,610,561,545,574,647,2845,472,3198,745,784,598,861,895,833,767,631,723,738,503,806,811,740,468,439,425,413,457,380,476,422,410,478,414,793,585,632,703,697,553,636,656,669,555,699,685,770,610,824,716,656,636,594,669,658,557,660,595,647,467,647,676,453,465,407,473,395,426,505,428,397,395,370,359,379,378,334,293,278,208,314,397,369,324,459,491,442,384,418,499,412,247,333,286,[x],341,432,493,646,583
1256,Betting shop and gambling establishment managers,38,44,28,44,77,57,45,60,66,52,63,20,67,63,63,39,29,30,19,17,27,21,27,21,30,38,39,26,30,51,50,31,35,28,27,35,25,33,29,11,4,8,32,24,25,19,8,24,8,15,29,14,55,32,37,31,71,76,54,41,44,41,31,45,54,46,39,69,45,70,47,46,46,36,36,36,34,53,33,17,23,12,13,17,31,44,16,26,26,20,31,19,25,23,13,18,17,25,38,26,27,[x],[x],31,37,43,37,24,26,20,[x],42,23,33,[x],[x]
1257,Hire services managers and proprietors,492,390,523,501,438,556,409,442,426,405,396,312,432,512,446,376,506,456,374,350,386,454,354,324,478,360,458,376,447,491,461,402,322,368,331,317,355,431,316,175,157,209,270,281,315,303,288,316,243,237,423,349,387,436,503,450,475,461,451,443,507,436,465,417,634,560,536,604,609,558,503,399,562,769,624,396,466,456,385,360,259,281,289,212,321,296,282,316,417,380,386,388,328,314,300,180,347,405,460,310,387,347,359,270,315,338,314,190,322,305,[x],356,368,379,367,352
1258,Directors in consultancy services,310,256,316,266,285,262,228,246,232,274,257,177,214,207,210,181,240,229,212,191,227,181,205,128,222,180,170,176,229,278,276,235,267,277,202,167,310,359,327,166,107,154,132,116,136,153,181,151,191,166,275,193,193,222,248,274,195,238,210,261,324,357,352,310,323,254,294,254,227,247,290,247,269,260,304,191,283,227,158,147,98,126,120,125,155,112,109,114,105,80,114,121,101,78,103,79,99,157,148,110,188,141,173,151,126,150,161,66,124,105,[x],103,218,157,143,[x]
1259,Managers and proprietors in other services n.e.c.,1998,1462,2188,1682,2067,1784,1528,1595,1390,1638,1518,1088,1588,1323,1509,1308,1563,1597,1508,1434,1519,1463,1369,1049,1548,1344,1491,1227,1790,1789,1547,1251,1224,1580,1395,1284,1630,1861,1471,1031,782,835,1085,1123,1333,1312,1132,1213,1256,1070,1787,1513,1758,1798,2270,1791,1835,2197,1864,1815,2220,2175,2016,1564,2110,1932,1884,1892,1761,2128,1895,1650,1924,1521,1552,1357,1595,1571,1173,1145,1109,1042,1088,856,1318,1030,1193,1369,1227,1162,1144,1053,1042,993,860,640,1049,1144,1153,956,1210,1333,1226,1191,1135,1237,1173,518,1088,1079,[x],994,1208,1149,1114,1275
2111,Chemical scientists,702,565,642,607,636,557,478,456,537,453,444,378,597,496,569,551,587,574,479,491,604,617,578,401,641,558,727,516,705,691,666,541,481,570,534,399,581,763,684,457,361,339,407,350,436,518,591,527,594,563,880,669,809,671,720,702,723,790,794,671,900,839,855,769,946,724,667,722,711,753,715,703,795,735,750,537,724,735,501,436,401,435,430,386,576,400,435,457,551,512,507,455,415,336,314,285,391,467,518,390,484,[x],[x],407,387,806,403,205,320,296,[x],396,366,278,296,380
2112,Biological scientists,636,560,682,554,678,597,546,503,564,500,482,489,578,604,609,597,568,685,542,514,596,619,605,420,649,665,564,565,566,598,630,498,535,625,553,470,602,694,607,463,442,534,481,455,536,594,580,530,611,568,1017,607,693,655,871,600,602,641,717,572,769,811,713,694,826,653,719,710,628,668,689,589,713,667,598,518,741,651,494,483,368,437,451,440,472,436,477,450,462,475,477,383,428,401,348,299,395,454,512,409,546,439,440,412,409,454,410,221,366,349,[x],358,452,[x],367,472
2113,Biochemists and biomedical scientists,1067,913,1228,1094,1191,963,1011,1134,1074,1017,1172,830,1064,1085,1136,991,1062,1105,963,940,1061,1182,1391,659,1026,969,1064,984,1332,1384,1350,1098,987,1193,1220,858,1225,1197,1248,824,947,1035,818,1089,1036,1146,1071,982,1209,1201,1487,1176,1138,1320,1327,1090,1285,1354,1295,1090,1299,1181,1384,1245,1446,1504,1502,1573,1506,1685,1500,1423,1511,1477,1389,1144,1226,1271,1127,1097,898,952,933,833,942,868,823,969,934,845,912,878,777,798,731,568,809,939,876,810,927,827,842,814,683,735,755,443,706,734,[x],662,771,[x],591,625
2114,Physical scientists,463,467,469,488,561,436,358,439,397,425,398,297,483,403,471,410,506,409,379,348,450,481,429,300,507,417,442,368,617,561,567,457,495,535,531,390,558,634,544,386,328,313,357,345,380,439,405,396,361,430,659,453,564,496,532,481,506,500,620,523,625,521,687,620,829,664,632,572,650,696,762,664,675,700,642,597,683,748,516,456,452,449,497,510,542,428,541,428,469,386,396,377,391,375,364,330,430,547,549,492,491,508,452,457,537,606,523,306,490,394,[x],568,612,438,541,537
2115,Social and humanities scientists,1105,965,1156,1077,1139,1163,812,911,794,828,906,698,1079,1015,1110,950,1031,1018,805,692,799,759,758,616,960,1002,1083,860,1372,1287,1247,960,937,1026,1004,777,1195,1278,1185,843,780,709,757,697,839,947,837,882,963,904,1332,1096,1298,1174,1337,1139,1148,1161,1255,1170,1531,1446,1599,1276,1838,1393,1302,1150,1289,1411,1390,1182,1504,1275,1303,1052,1479,1385,912,803,696,784,829,870,967,828,932,872,1065,832,726,603,682,736,651,532,699,813,966,805,1052,881,762,688,620,762,726,552,599,533,[x],693,789,816,810,891
2119,Natural and social science professionals n.e.c.,581,539,628,544,618,580,523,621,491,456,500,355,560,514,566,531,607,659,610,637,607,591,508,408,586,530,529,531,744,826,746,672,583,694,587,586,726,723,677,497,483,508,518,576,648,853,682,770,738,662,1306,747,853,836,976,870,884,924,1082,900,994,1094,1021,874,1059,806,792,789,665,777,820,792,706,648,598,499,752,698,516,535,424,489,552,480,544,429,400,383,395,352,397,362,327,341,304,250,326,407,513,409,503,458,462,433,365,366,420,187,354,278,[x],297,299,[x],348,[x]
2121,Civil engineers,3461,2815,3418,2931,2949,2743,2387,2401,2213,2419,2325,1898,2871,2281,2709,2227,2435,2353,2264,2153,2668,2540,2386,1942,3135,2698,2848,2302,3036,3576,3740,3075,3096,3327,3231,2422,3152,3192,3161,2032,1262,1592,1624,1840,1894,2207,2115,2147,2261,2155,3589,3482,3827,3034,3459,2933,2783,2911,2707,2923,3557,3379,3695,2998,3909,3741,3531,3047,3060,3479,3609,3110,3601,3450,3200,2740,3191,3384,2643,2548,2302,2368,2202,2273,2446,1935,2001,2134,2305,2049,2010,1820,2030,1897,2011,1395,2063,2155,2198,1788,2535,[x],[x],1937,2282,2285,2360,1724,2675,1636,[x],2148,2263,2372,2221,2721
2122,Mechanical engineers,3682,2793,3291,3122,3231,3147,2482,2564,2377,2585,2740,2372,3066,2763,2803,2654,2834,2719,2724,2597,2767,2493,2503,1977,3200,2845,2955,2730,3933,4387,4485,3333,3196,3206,3147,2411,3288,3736,3573,2364,1722,1889,1787,1941,2024,2314,2219,2121,2633,2454,4098,3521,3750,3038,3633,2925,3022,3162,2809,3074,3746,3927,4282,3642,4293,3940,4097,4138,3499,3614,3898,3519,3815,3482,3086,2615,3087,3317,2582,2376,2152,2229,2384,2350,2807,2107,2165,2240,2222,1866,2097,1927,1958,1702,1652,1073,1823,2098,2310,2047,2751,[x],[x],2119,2120,2609,2604,1383,2499,2013,[x],1933,2540,3839,4481,3036
2123,Electrical engineers,1767,1433,1758,1544,1656,1526,1122,1248,1093,1186,1104,948,1379,1136,1156,1146,1239,1153,1118,1070,1200,1182,1134,904,1463,1317,1410,1077,1504,1779,2000,1481,1479,1416,1351,1190,1558,1672,1528,1158,811,945,842,836,947,1059,1017,1042,1204,1219,1718,1585,1714,1331,1718,1276,1288,1400,1407,1559,1690,1675,1746,1546,1757,1729,2223,1957,1720,1836,1986,1808,2101,1835,1755,1454,1645,1873,1422,1246,1290,1280,1346,1413,1794,1276,1427,1277,1349,1105,1290,1143,1237,1107,1046,691,1262,1365,1438,1310,1728,[x],[x],1388,1402,1418,1452,917,1442,1395,[x],1201,1378,1457,1328,[x]
2124,Electronics engineers,841,629,713,731,867,738,613,643,614,656,684,594,744,691,704,632,655,614,575,589,580,652,601,493,733,663,786,648,848,988,871,740,720,721,649,535,683,799,751,554,407,483,439,405,428,552,539,547,779,587,902,808,831,642,704,608,634,699,662,709,796,758,901,684,908,694,769,700,1294,1361,805,644,785,805,1522,553,654,723,529,532,469,484,486,649,598,437,451,451,433,345,368,324,368,297,256,228,393,422,459,440,603,[x],[x],357,421,414,481,244,388,361,[x],343,388,[x],353,[x]
2125,Production and process engineers,1921,1716,1988,1595,1737,1611,1472,1459,1439,1415,1555,1291,1706,1401,1473,1409,1614,1555,1539,1376,1519,1542,1432,1183,1902,1515,1652,1409,1878,2252,2240,1764,1757,1838,1704,1359,1696,1994,1702,1203,785,841,824,1014,1050,1183,1135,1192,1321,1118,2096,1707,1778,1461,1756,1388,1383,1671,1579,1667,1949,1747,2033,1689,2295,2067,2092,2126,1915,2080,1906,1671,1989,1718,1729,1478,1673,1803,1289,1253,1141,1234,1270,1240,1534,1188,1074,1244,1187,1058,1091,950,1202,1084,940,720,1089,1274,1266,1009,1472,[x],[x],1191,1284,1348,1422,835,1285,1030,[x],1042,1245,1166,1174,1282
2126,Aerospace engineers,262,218,296,273,273,265,189,214,230,232,216,203,225,170,167,150,190,156,186,167,179,167,145,114,191,140,167,136,165,204,206,158,194,193,175,136,162,143,138,118,91,75,70,49,78,69,68,61,87,87,191,165,125,91,132,94,112,133,109,139,166,188,165,127,179,161,183,192,205,259,259,209,215,200,165,155,142,180,118,96,106,116,141,140,167,119,107,103,102,105,83,90,135,117,103,84,108,124,202,236,205,107,137,148,183,186,118,81,116,128,[x],162,144,138,136,152
2127,Engineering project managers and project engineers,2747,2251,2413,2216,2446,2249,1772,1876,1736,1873,2049,1680,2199,1778,1761,1764,1850,1750,1756,1692,1613,1622,1482,1281,2036,1681,1760,1455,2313,2637,2619,1834,1758,1834,1740,1437,1973,2232,1924,1375,961,1075,1047,1062,1112,1255,1211,1220,1545,1405,2311,2043,2193,1868,2169,1727,1781,1925,1865,1951,2258,1999,2606,1946,2575,2253,2249,2334,2122,2457,2343,2036,2471,2330,2140,1717,2042,2330,1623,1566,1415,1430,1452,1459,1863,1372,1452,1510,1515,1314,1340,1290,1371,1174,1049,838,1292,1494,1433,1339,1618,[x],[x],1263,1414,1520,1493,834,1485,1224,[x],1346,1403,1394,1320,1644
2129,Engineering professionals n.e.c.,5823,4595,5447,5073,5369,5010,3807,4203,4116,4738,4824,3984,4868,4753,4595,4436,4968,4866,4533,4229,4490,4185,4314,3408,5151,4491,4622,3930,5784,6773,6589,5219,5058,4891,4659,3768,4938,5575,5148,3691,2628,2945,2972,2856,3168,3618,3484,3407,4075,3857,6072,5269,5539,4546,5306,4152,4552,4751,4596,4622,5770,5350,5683,5026,6187,5754,5893,5569,5420,5878,5866,5419,6032,5498,5533,4276,5297,5205,3850,3687,3353,3579,3635,3666,4415,3388,3309,3448,3744,3203,3215,2664,3162,2771,2860,1897,2985,3832,4015,3630,4472,[x],[x],3572,3544,3828,3853,2187,3421,2829,[x],2931,3387,3266,3229,3916
2131,IT project managers,3290,2889,3257,3116,3145,2940,2412,2621,2390,2647,2616,1906,2906,2507,2675,2432,2543,2626,2511,2231,2306,2236,2203,1546,2421,2299,2516,2116,2886,3144,3192,2606,2513,2541,2383,1718,2680,2990,2681,1348,1085,1294,1318,1242,1445,1701,1667,1628,1979,1923,3208,2445,2910,2847,3186,2653,2579,2757,2727,2589,3242,3306,3584,2801,3548,2976,2932,2797,2747,2892,2631,2112,2445,2438,2257,1687,2058,2179,1611,1592,1287,1349,1400,1160,1531,1193,1156,1324,1288,1205,1136,1107,1121,1098,1006,692,1064,1329,1230,1111,1421,[x],[x],1153,1312,1368,1456,754,1412,1136,[x],1338,1334,1586,1515,1886
2132,IT managers,11204,9018,10417,9339,10294,9919,8022,8378,8042,8839,8870,7283,10117,8662,9392,8329,8816,9011,8236,8449,8654,8798,8419,6139,9321,9078,9380,8291,11781,12559,12268,9676,10118,9740,9823,7355,11804,11661,10192,5830,5099,5585,5793,6347,6170,7697,6860,6600,7909,7530,11783,8852,9776,9547,11492,9785,9835,10585,11120,10687,12042,11300,12213,10314,12778,11005,10954,10964,10363,10819,10620,9054,11044,8986,8507,6919,8267,8722,6137,6012,4778,5365,5343,5070,6274,4913,4803,5195,5430,5037,5085,4492,4575,4398,4322,3063,4508,5082,5641,4644,6141,6138,5724,4810,5156,5467,5987,3048,5185,4285,[x],5166,5532,5715,6106,7176
2133,"IT business analysts, architects and systems designers",11025,9563,11140,10165,10339,9970,8253,9054,8854,10296,9740,8002,10838,10224,10351,9327,10020,10106,9909,9342,9425,8760,8844,6218,9606,9680,10792,8979,13387,14894,14494,11884,11339,11450,11663,8446,12253,12624,12684,7888,6335,7035,7368,7128,7897,8857,8365,8100,10847,9636,16047,14892,14709,12710,14667,12534,11903,13268,12880,11919,15597,15557,16260,13800,17077,14873,14746,15913,14191,15360,15412,12748,13757,12430,11566,8453,9929,10491,7503,7561,5894,6513,6070,6080,6662,5295,4951,5136,5552,4346,5031,4704,4450,4530,4378,3286,4798,6055,6526,5724,8438,7642,6899,5430,6417,7674,9017,4622,6492,5191,[x],6037,7676,9605,8003,9861
2134,Programmers and software development professionals,42428,32599,39868,36297,40812,37081,29317,31980,30885,39915,36473,30858,40812,35402,36971,33616,34891,34383,34444,30651,31682,30226,30479,21599,32660,31142,33014,28529,45108,49972,45850,36645,33881,33685,35218,25707,33564,36446,37189,24496,18353,19996,20694,21297,24139,26894,23476,22406,31364,26470,37380,34231,39092,30533,34539,28940,28462,30219,27935,27810,33969,32214,33693,28545,35107,30608,29907,30213,31327,30836,29389,26916,25269,25118,21905,15409,17787,18059,14683,14362,10130,10885,10015,10583,12467,9540,8820,9168,9123,7780,8404,7352,7604,7219,6738,4754,7196,8952,9700,7997,12689,12215,9892,7744,9404,10213,12592,5222,9521,6619,[x],7249,10232,14641,9177,11591
2135,Cyber security professionals,3282,2651,3033,2828,3009,2839,2358,2587,2577,2984,2835,2250,3143,3067,3102,2615,2923,3050,2882,2927,2912,3134,3293,2174,3041,2932,3049,2530,3870,4485,4096,3294,3607,3486,3680,2954,4433,3790,4067,3115,1810,2080,2112,3102,2461,2961,2527,2645,3634,3252,6367,4242,3626,3239,4948,3387,3104,3506,4422,3311,3753,3871,3919,3185,4719,3779,4378,4628,4103,4384,4083,3656,3712,3367,3073,2511,2923,2889,2196,2268,1511,1689,1639,1715,1990,1461,1442,1449,1524,1341,1637,1407,1327,1283,1250,1032,1402,1710,1936,1719,2417,[x],[x],1846,1635,2125,2626,1044,2086,1517,[x],1639,2016,2379,2026,2817
2136,IT quality and testing professionals,2225,2008,2290,2062,2263,2009,1578,1646,1696,2105,1851,1532,2182,1964,1956,1834,1955,1961,1942,1783,1751,1654,1635,1241,1996,1857,1932,1463,2419,2599,2490,2029,1845,1595,1755,1280,1775,1897,1938,1201,752,923,1084,846,1074,1032,1080,1135,1436,1151,1771,1879,2141,1617,1843,1530,1598,1597,1563,1524,1896,1742,1816,1418,1826,1552,1495,1333,1405,1401,1451,1208,1258,1087,1025,722,837,815,520,632,488,469,491,485,524,448,437,398,412,343,389,351,386,383,371,231,345,542,494,408,572,537,438,405,399,457,536,203,409,308,[x],354,410,[x],424,536
2137,IT network professionals,2316,1984,2293,2298,2358,2103,1547,1746,1430,1759,1752,1414,1821,1603,1740,1547,1657,1622,1552,1602,1620,1496,1447,1110,1604,1711,1751,1356,2303,2475,2549,1898,1760,1733,1758,1167,1642,1746,1992,1351,1045,1044,1163,1203,1174,1264,1493,1143,1745,1384,2280,2202,2003,1459,1847,1470,1373,1487,1471,1433,1897,1726,1886,1541,1998,1752,1770,1782,1841,1667,1841,1417,1579,1425,1309,1064,1147,1344,1072,984,763,833,713,727,878,762,608,680,616,556,661,587,610,611,517,400,545,586,637,787,902,924,725,638,722,713,782,366,792,571,[x],690,893,880,626,[x]
2139,Information technology professionals n.e.c.,4499,4039,4457,4147,4275,4259,3810,4227,4027,4799,4935,3867,5076,5411,5495,4403,4576,4701,4559,4242,4341,4544,4562,3125,4972,4757,5388,4469,6848,7055,6782,5622,5023,4912,5182,3599,5140,5602,5384,3455,2785,2714,2581,2895,3339,3949,3485,3337,4326,3642,5558,5010,5269,4792,5192,4472,4274,4700,4607,4736,5548,5457,7041,4399,5641,4928,5140,4897,4563,4745,4588,4174,4239,4000,3486,2742,3254,3272,2335,2294,1811,1996,1861,1884,2168,1704,1638,1680,1781,1554,1663,1496,1475,1461,1400,1039,1437,2083,2086,1776,2862,2762,2187,1734,1905,2011,2608,1048,1694,1489,[x],1689,1880,2383,2078,2676
2141,Web design professionals,1636,1337,1599,1482,1285,1288,1114,1344,1186,1385,1401,1186,1689,2075,1829,1463,1485,1336,1405,1239,1318,1145,1209,1202,1783,1820,1814,1290,1942,2075,1902,1531,1252,1220,1409,1039,1357,1498,1408,809,718,708,648,617,783,849,730,764,977,969,1450,1061,1310,1316,1475,1285,1239,1385,1292,1284,1709,1976,1817,1399,1619,1452,1329,1214,1038,1079,1118,944,1006,884,849,588,728,745,444,481,369,373,382,386,568,399,406,402,387,347,344,317,259,298,338,192,282,358,415,352,499,565,485,510,354,543,516,219,364,334,[x],286,356,316,380,425
2142,Graphic and multimedia designers,3066,2687,3033,2816,2917,3038,2289,2567,2544,2474,2489,2037,3024,3300,3153,2709,2823,2451,2709,2121,2236,2293,2384,1775,2789,2728,2845,2319,3288,3108,2940,2575,2318,2654,2821,1915,2667,2936,2531,1485,1251,1164,1339,1265,1415,1567,1330,1282,1526,1602,3102,2085,2361,2293,2441,2332,2748,2761,2527,2555,3077,2895,2930,2439,3146,2767,2483,2307,2014,2145,2101,1947,2206,2165,1822,1553,1958,1971,1278,1410,1099,1213,1203,1213,1618,1356,1233,1465,1511,1286,1195,1171,1083,1148,951,631,996,1289,1338,1055,1562,1368,1388,1197,1160,1224,1408,881,1020,886,[x],989,1118,1151,1409,1707
2151,Conservation professionals,436,394,417,426,386,386,310,353,317,306,350,293,414,509,509,427,449,467,410,361,436,394,390,330,589,470,537,372,478,595,637,394,406,482,466,322,490,490,359,221,171,229,297,267,290,377,291,343,406,418,624,498,549,546,540,428,521,466,483,469,628,634,588,533,649,613,464,498,460,541,534,603,585,590,572,563,696,700,442,453,424,442,463,443,587,553,511,535,543,448,514,444,449,435,389,371,505,591,599,481,655,517,620,481,448,501,482,340,497,474,[x],463,504,[x],566,441
2152,Environment professionals,1547,1281,1481,1329,1348,1319,1135,1072,1093,1320,1258,1068,1509,1330,1479,1258,1438,1458,1312,1385,1739,1477,1347,1015,1535,1288,1464,1226,1671,1718,1884,1492,1538,1733,1859,1754,1947,1962,1644,1100,680,795,872,881,1003,1173,1149,1222,1421,1453,2312,1729,2407,2068,2485,2071,2008,2219,2373,2260,2788,2552,2826,2336,3132,2562,2883,2695,2713,2843,3108,2639,2862,2641,2473,2090,2769,2577,1910,1861,1613,1841,1709,1686,1881,1539,1490,1571,1541,1518,1566,1460,1392,1405,1404,1010,1385,1875,1721,1372,2014,1674,1751,1560,1612,1776,1565,937,1370,1239,[x],1323,1423,[x],1748,2175
2161,Research and development (R&D) managers,2863,2538,2764,2438,2473,2605,2025,2225,2093,2125,1951,1649,2362,2356,2399,2102,2288,2129,2016,1760,1948,2110,2067,1506,2299,2118,2320,1834,2696,2811,2919,2378,2322,2450,2413,1816,2517,2837,2800,1492,1282,1384,1364,1341,1591,1761,1826,1626,2076,1885,2913,2018,2332,2196,2683,2364,2294,2634,2768,2522,3122,3005,3185,2692,3394,2931,2713,2687,2572,2865,2786,2637,2700,2506,2333,1812,2274,2348,1639,1655,1385,1460,1644,1594,1884,1562,1425,1634,1652,1559,1336,1243,1442,1278,1235,863,1366,1883,1728,1475,2086,1950,1811,1652,1674,1822,2013,1005,1674,1290,[x],1500,1700,1784,1813,[x]
2162,"Other researchers, unspecified discipline",268,287,336,203,375,339,375,465,362,563,305,304,364,352,437,349,485,448,600,749,355,427,444,296,288,263,311,309,438,328,377,430,341,466,433,362,457,510,396,206,292,233,365,280,325,358,299,297,215,241,371,207,284,262,300,217,350,402,407,310,404,354,412,277,337,331,352,322,319,385,363,316,347,334,343,268,342,290,226,287,217,263,291,274,280,276,299,271,247,204,206,218,248,200,184,192,199,272,245,214,273,189,203,213,192,203,228,122,188,196,[x],231,165,[x],316,214
2211,Generalist medical practitioners,1140,1017,1354,1345,1230,1280,1391,1512,1325,1414,1614,1268,1895,1886,1697,1593,1455,1821,1408,1194,1476,1636,1809,1071,1742,1565,1271,1220,1663,1409,1453,1319,1300,1270,1355,1050,1519,1541,1596,1240,1091,1105,1213,1191,1099,1304,893,911,1014,911,1194,920,1134,1139,1335,1046,1051,1125,1240,1144,1367,1421,1598,1289,1827,1502,1576,1343,1146,1437,1418,1122,1381,1170,1214,1081,1297,1354,964,702,679,834,790,925,837,767,718,843,882,670,787,642,639,665,714,500,669,1124,1082,935,1136,901,1782,1360,1189,1546,1267,1134,1596,2465,[x],953,1222,[x],860,885
2212,Specialist medical practitioners,4900,4226,5004,4895,5269,4855,6942,6149,5596,5714,6529,5302,5972,6396,6372,5665,6361,7322,6045,5391,5573,6284,7276,4301,6031,5910,5639,4902,6402,6541,6523,5725,5533,5798,5779,4552,6135,6545,5719,4063,4341,5286,5228,5461,5338,6004,4630,5513,5048,4589,6076,4365,5143,4948,5772,4161,4338,5326,5598,4937,5943,5534,6223,5637,7953,6445,6596,6724,5982,6652,6998,5831,6429,6626,6511,5772,6958,7219,5689,4903,4455,4623,5350,5540,5671,5351,4666,5865,6244,5248,5355,4720,4471,5080,5006,3767,5159,5444,5338,4692,5509,4607,5194,4362,4538,4429,4546,2312,4202,5578,[x],4412,4463,[x],[x],3356
2221,Physiotherapists,1855,1576,1918,1834,1842,2091,1755,1694,1743,1734,1784,1444,2097,1676,1661,1578,1729,1917,1799,1754,1990,2267,2306,1482,2413,2152,2229,1816,2542,2504,2365,2132,2103,2218,2507,1962,2706,2688,2654,1843,1585,1717,1723,1752,1976,2394,2055,2216,2254,2153,2600,2267,2520,2388,3005,2256,2448,2799,2686,2734,2862,2792,3433,2718,3357,3038,3238,3185,3008,3203,3390,2720,3055,2778,3095,2405,2553,2946,2440,1957,1979,1932,1871,1760,2088,1874,1728,2033,2051,1865,1946,1692,1802,1673,1726,1279,1910,1740,1652,1370,1717,1548,1440,1201,1225,1121,1126,607,1140,1068,[x],1169,1095,[x],1063,995
2222,Occupational therapists,1593,1406,1629,1451,1568,1624,1353,1537,1417,1649,1736,1171,1721,1449,1584,1208,1502,1586,1560,1409,1685,1885,1800,1288,1898,1757,1834,1479,2153,2224,2021,1809,1907,2054,2319,1573,2343,2290,2413,1936,2116,2232,2377,2222,2374,2947,2531,2480,2958,2524,2914,2201,2631,2512,2964,2437,2630,3053,2941,2597,3045,2795,3362,2734,3317,2934,3301,3158,3117,3512,3641,3029,3302,3173,3426,2753,2767,3258,2942,2324,2498,2481,2657,2348,2785,2442,2321,2696,2625,2293,2353,2127,2158,2327,2491,1739,2609,2412,2304,2089,2297,1931,2021,1847,1865,1743,1638,814,1517,1490,[x],1471,1457,[x],1379,1364
2223,Speech and language therapists,670,607,696,641,1921,1535,2089,718,590,618,631,497,766,668,668,611,664,699,698,665,854,869,800,484,840,750,841,669,932,929,869,744,798,898,965,736,947,940,1009,863,893,1004,911,960,1110,1290,1002,1017,1212,976,1067,902,1070,1084,1287,1004,992,1140,1112,868,1164,954,1214,1028,1261,1234,1266,1231,1226,1363,1390,1070,1219,1296,1267,1065,1145,1306,1116,950,930,1007,1001,930,1192,996,906,1129,1177,1000,955,815,891,870,999,794,1084,1098,1087,956,1162,965,1095,961,1036,965,916,483,913,824,[x],856,746,[x],745,646
2224,Psychotherapists and cognitive behaviour therapists,217,169,246,252,228,191,170,175,196,204,188,153,196,221,194,183,171,217,231,184,248,236,223,132,259,243,289,216,368,274,341,289,274,312,361,263,339,365,304,226,273,343,318,335,354,474,330,403,434,428,483,388,403,426,581,460,440,536,523,431,447,455,576,451,579,523,576,570,594,669,680,532,555,570,524,433,485,613,489,419,381,396,455,409,397,377,302,340,420,385,398,345,331,346,287,340,343,270,293,300,287,330,264,248,255,291,272,139,242,233,[x],221,222,[x],224,290
2225,Clinical psychologists,539,453,533,493,573,505,406,472,457,480,545,418,529,444,557,438,494,575,492,486,567,682,678,368,608,670,601,495,753,737,690,574,633,695,682,584,825,747,745,568,708,860,802,880,798,970,842,939,953,852,1036,811,826,901,950,803,883,960,932,796,816,844,1054,802,900,914,978,884,925,919,923,726,801,844,727,669,798,922,926,719,662,636,722,596,733,691,641,711,776,678,640,572,547,596,558,475,562,479,622,491,488,492,651,483,414,417,496,192,369,358,[x],358,359,[x],382,392
2226,Other psychologists,584,493,626,596,659,692,599,519,506,566,612,450,717,560,680,567,535,685,575,526,592,720,609,459,658,575,755,581,1040,1201,1165,871,937,967,953,702,1064,1103,1051,853,888,970,958,863,1058,1096,1016,1114,1089,917,1228,931,1224,1166,1229,1052,1123,1224,1264,1011,1260,1185,1487,1131,1559,1471,1650,1428,1577,1633,1770,1370,1979,1685,1666,1384,1795,1804,1478,1126,1145,1311,1593,1209,1610,1234,1330,1504,1423,1361,1400,1335,1281,1235,1229,959,1319,1263,1238,1098,1548,[x],[x],1105,1074,1464,1074,813,944,905,[x],814,927,[x],1038,981
2229,Therapy professionals n.e.c.,689,560,623,768,695,727,720,650,657,803,758,530,689,584,682,574,681,768,799,793,773,891,764,567,749,779,775,686,1106,1153,1051,940,901,1030,1102,882,1150,991,967,708,936,1069,1070,963,1043,1166,976,1140,1161,1056,1518,1152,1463,1355,1668,1318,1382,1409,1523,1340,1523,1561,1704,1558,2060,1889,2001,1792,1881,1887,2020,1640,1783,1582,1582,1417,1738,1908,1404,1367,1078,1125,1131,1002,1298,1109,1174,1166,1399,1319,1448,1220,1210,1100,1042,740,996,1168,1124,969,1209,1066,1704,1382,1248,1420,1330,712,964,906,[x],833,853,[x],1015,923
2231,Midwifery nurses,340,286,347,340,396,317,290,311,236,295,274,231,320,315,330,279,280,305,241,260,266,337,354,201,359,287,380,294,453,350,358,321,334,320,359,276,327,307,307,261,247,270,266,327,358,412,281,327,387,397,482,391,386,481,483,465,542,656,664,545,709,654,702,601,738,615,728,789,694,812,797,742,877,780,696,571,578,610,695,596,566,606,528,520,708,503,530,671,656,486,558,491,422,430,389,314,404,411,386,301,379,357,296,244,300,231,247,121,234,275,[x],247,227,[x],[x],250
2232,Registered community nurses,2204,1781,2374,2009,2455,2030,1806,2149,1929,1956,2048,1632,2070,1781,1870,1579,1688,2025,1850,1807,1998,2143,2194,1423,2196,2065,2644,2053,3006,2629,2486,2454,2483,2599,2537,2016,2732,2558,2379,1814,2198,2347,2430,2565,2822,3198,2854,2897,3136,3145,3276,2606,2628,2732,3042,2560,2800,3078,3082,2560,3124,3037,3392,3064,3560,3320,3526,3488,3465,3566,3515,2949,3436,2985,3199,2648,2856,2966,3134,2376,2303,2311,2376,2130,2639,2314,2297,2626,2814,2360,2588,2300,2439,2424,2221,1644,2171,2027,2198,1997,2366,1755,1786,1650,1709,1545,1525,973,1503,1481,[x],1468,1675,[x],1315,1337
2233,Registered specialist nurses,1729,1579,1986,1905,2215,1984,1726,1649,1528,1805,1747,1542,1856,1655,1643,1575,1450,1690,1394,1280,1459,1621,1782,1138,1720,1528,1764,1336,1905,1834,1766,1630,1534,1712,1717,1301,1722,1703,1644,1351,1481,1676,1632,1565,1834,2144,1689,1814,1854,1815,2162,1622,1967,1813,2178,1793,1887,2196,2318,1950,2142,2186,2464,2180,2479,2409,2658,2441,2212,2500,2570,2216,2460,2345,2318,1924,2110,2152,2030,1805,1533,1816,1739,1763,1874,1694,1541,1892,1867,1575,1746,1562,1422,1483,1330,1051,1586,1309,1430,1265,1383,1217,1425,1011,1065,1280,1153,644,1074,994,[x],999,1028,[x],880,897
2234,Registered nurse practitioners,1578,1450,1946,1717,2086,1701,1650,1778,1700,1732,1941,1228,1763,1453,1940,1469,1695,1895,1602,1511,1692,1510,1815,1141,1764,1600,1876,1544,2240,2242,2144,1963,1858,2050,1922,1556,2422,2454,2037,1708,1787,1991,2119,1934,2629,2323,1959,1992,2183,2131,2439,2028,2246,2298,2668,2276,2373,2640,2819,2510,2885,2955,3468,2910,3450,3035,3349,3363,3482,3734,3460,3115,3424,3346,3315,2851,3115,3421,4339,2512,2377,2569,2550,2482,2685,2320,2379,2578,2692,2226,2306,2111,1993,1968,1711,1396,1892,1733,1835,1661,2949,1629,1848,1743,1789,1764,1833,1343,1655,1709,[x],1441,2145,[x],1242,1230
2235,Registered mental health nurses,2225,1754,2243,2154,2610,2209,1769,1989,1772,1942,1767,1504,2104,1575,1796,1335,1513,1672,1492,1422,1573,1765,1895,1297,2071,1765,2125,1809,2536,2677,2148,2008,2019,2141,2405,1781,2339,2364,2285,2310,2247,2320,2443,2562,2321,2839,2200,2336,2769,2267,2528,2072,2181,2152,2356,1912,1907,2061,2177,1848,2203,2083,2522,2248,2408,2421,2463,2200,2268,2464,2246,2031,2470,1987,2085,1911,2081,2180,1823,1578,1564,1493,1721,1500,1861,1532,1247,1550,1455,1347,1354,1362,1204,1147,1139,751,1104,1098,973,899,1000,824,866,753,779,675,623,313,621,533,[x],605,600,[x],475,533
2236,Registered children's nurses,1123,995,1169,1237,1420,1348,1299,1210,1105,979,927,822,1118,973,1028,939,917,1058,901,821,1012,918,1029,638,997,867,985,880,1191,1072,1046,958,922,857,937,741,1017,1012,924,680,654,830,819,845,991,1190,890,904,1014,882,1128,804,955,977,1160,942,1051,1109,1209,1036,1159,1041,1245,1032,1197,1116,1246,1233,1174,1346,1307,1061,1252,1132,1257,1069,1270,1322,1249,1117,967,1027,1028,946,1167,980,1073,1288,1118,1028,990,941,916,894,849,609,876,829,781,658,822,765,748,673,748,679,635,305,676,601,[x],631,573,[x],543,433
2237,Other registered nursing professionals,19455,14129,19253,17193,21630,18001,14735,16682,15072,17130,16946,14545,20392,15110,16690,14665,15094,17825,14250,13324,16316,18593,19491,12956,19974,14591,19310,15641,21262,21910,17096,17570,16343,19074,20143,16044,20291,18921,19942,18921,16785,16201,15882,15915,15957,19009,15269,16591,17744,14976,19132,14136,15325,15254,16513,14230,13596,16352,16023,14559,16348,15293,16506,15732,16552,15421,16121,16589,15308,16887,17078,15733,17918,15298,15629,13025,14628,14634,11549,9721,9165,9125,9640,8388,10761,9083,8756,10416,10569,8949,9171,8316,7833,7801,7199,5291,7814,7537,7138,6123,7017,6018,6314,5923,6054,6312,5747,3613,5462,5174,[x],5436,4832,[x],5136,4778
2240,Veterinarians,275,261,294,718,359,465,394,487,343,298,183,159,287,379,550,379,504,483,355,336,511,620,457,414,405,389,363,320,480,498,456,389,432,472,561,502,754,1575,516,489,280,482,595,677,695,703,689,1261,931,954,1986,1763,1920,1926,2354,1747,2155,2260,2663,1925,2346,1830,2019,1827,2360,1782,2423,2271,2189,3683,3436,3292,3170,2474,3023,2066,2612,2927,1805,1723,1263,1456,1755,2142,1985,1862,2044,2107,2467,1665,1248,1263,1113,1557,1229,1093,2137,1644,1068,1420,1196,1181,1045,954,1830,1196,1105,462,855,863,[x],874,2177,1009,1521,1961
2251,Pharmacists,1099,1018,1315,1230,1345,1360,1255,1331,1174,1263,1408,1004,1524,1383,1622,1603,1787,1910,1863,1797,1845,1611,1495,1395,1646,1443,1754,1339,1835,1885,1976,1970,2004,2246,2151,1863,2453,2285,2321,1825,2197,2296,1930,2154,2186,2232,2079,1803,2268,1909,2431,2189,2181,2190,2460,2062,2296,2668,2571,2098,2792,2649,2711,2574,3533,2820,2998,2936,3172,3389,3127,2986,3688,3093,3247,2814,3388,3403,2669,2382,2078,2283,2567,1953,2544,2054,1622,2501,2546,2203,2393,2096,1877,1813,1938,1527,2183,2095,1977,1612,2009,1999,1920,1669,1586,1583,1497,739,1399,1125,[x],2111,1675,[x],1208,1166
2252,Optometrists,1209,1064,1717,1465,1845,1060,807,1314,1376,837,1978,1037,1418,2220,1429,1368,2269,1249,1448,871,1214,2241,2410,1583,1616,2714,2707,2208,3058,1944,1638,1591,1647,944,871,708,862,1984,778,785,464,505,536,622,598,671,498,683,672,517,726,541,606,543,712,484,874,838,778,642,1023,920,875,765,1285,862,1236,975,1155,1229,1308,1010,1244,1110,1262,1063,1771,1525,961,996,781,1081,879,1053,848,687,710,1501,1133,998,1102,881,719,738,690,1009,997,970,1011,1150,1137,913,788,695,764,886,683,420,811,789,[x],1168,897,[x],[x],627
2253,Dental practitioners,909,702,599,681,498,446,370,354,410,426,421,289,391,387,560,432,467,462,413,715,565,578,587,430,742,481,583,506,699,545,713,468,878,704,845,784,1082,1011,925,594,605,476,387,406,382,469,518,527,581,539,705,696,761,886,854,742,807,922,1116,819,1066,910,1149,986,1603,1469,1637,1637,1673,1850,1728,1305,2625,1535,1736,1717,1884,1701,1663,1423,1434,1305,1239,1302,1087,872,931,1149,1441,1131,1153,873,896,928,1002,797,868,982,919,889,1332,[x],[x],739,941,1228,1640,864,1150,1413,[x],973,966,799,867,706
2254,Medical radiographers,958,848,1027,907,955,883,778,903,799,834,866,686,1037,807,952,872,820,1020,862,815,916,960,1064,640,1068,940,1010,766,1139,1158,1109,1026,911,1022,1041,734,1035,1071,1076,737,872,1142,1201,1267,1380,1461,1173,1228,1477,1332,1522,1285,1245,1178,1547,1186,1233,1454,1380,1341,1428,1471,1875,1452,1831,1625,1841,1611,2016,1704,1612,1325,1459,1572,1558,1264,1384,1449,1294,1074,1108,1025,1257,1061,1354,1126,1122,1239,1247,1068,1224,1032,1013,1085,1100,736,1242,1287,1169,1080,1299,1243,1535,1098,1101,1101,1093,579,1024,1055,[x],960,1012,[x],885,841
2255,Paramedics,125,92,134,139,115,156,117,144,127,113,106,96,143,129,105,113,136,137,167,173,156,154,144,158,202,237,244,192,223,218,280,212,287,276,257,204,303,288,315,238,204,253,217,223,257,287,278,272,285,304,327,283,309,297,379,297,235,321,316,303,373,364,400,281,403,316,360,328,370,393,431,440,442,431,448,340,347,470,400,329,291,321,317,338,365,315,313,417,346,366,366,339,362,255,282,268,348,242,292,226,275,204,265,244,197,225,237,147,232,173,[x],164,199,[x],157,152
2256,Podiatrists,161,139,222,165,227,169,188,118,162,156,208,137,240,194,212,149,147,220,212,185,199,181,158,118,199,158,166,152,214,235,269,233,228,238,201,132,233,210,232,100,109,174,172,233,203,381,237,206,205,178,288,287,293,358,365,330,379,250,279,244,272,243,263,225,344,279,267,306,264,283,364,212,256,277,275,213,245,309,272,234,185,211,215,161,243,227,196,255,262,240,259,259,216,231,260,158,222,240,242,281,287,226,242,180,223,213,220,105,178,188,[x],276,226,[x],218,182
2259,Other health professionals n.e.c.,3859,3080,3843,3647,3805,3702,2992,3151,2980,3076,2730,2403,3425,2937,3007,2674,3005,3232,2662,2735,2931,3488,3812,2512,3785,3380,3846,3147,4554,4192,4050,3590,3491,3719,3978,3119,4204,4567,4230,3000,2908,3384,3939,4158,4465,5377,4231,4226,5020,4419,5720,4317,4950,4802,5377,4715,4587,5317,5075,4761,5388,5207,5675,5135,5881,5653,5725,5743,5439,5893,5580,4842,5662,5174,5638,4482,5142,5322,4579,4058,3382,3651,3576,3414,4015,3242,3239,3874,4015,3195,3424,3257,2885,2817,2737,1962,2803,2948,2919,2710,3098,2835,2860,2459,2453,2448,2506,1291,2434,2336,[x],2118,2324,[x],2113,2116
2311,Higher education teaching professionals,3753,3055,3319,2977,3411,4593,3540,3490,3331,3233,3406,2604,3874,3281,3809,2913,3666,4534,4435,3590,4143,3910,4040,2871,3197,3088,3654,2987,5552,6969,7437,5117,4486,4503,3861,3227,4189,4423,3720,2753,2369,2674,2897,2348,2874,3413,3100,2925,2626,2332,3970,3250,4211,4316,4561,3907,4425,4044,4137,3387,3942,3736,4212,3255,4662,4777,4940,4017,3882,4009,3996,3704,3689,3465,3237,3049,3881,3816,3180,2827,2669,2574,2578,2620,3160,2675,2697,2805,3413,3245,3120,2658,3275,2596,2452,1899,2638,2749,2909,2283,3025,3322,2844,2404,2783,2498,2788,1338,2065,1760,[x],1954,2234,2186,2181,2068
2312,Further education teaching professionals,311,231,261,253,357,321,211,204,236,212,243,167,351,233,264,219,404,412,369,380,261,225,251,123,182,215,232,181,270,271,263,175,216,262,198,189,241,241,199,210,254,226,234,224,214,242,245,220,176,118,220,181,239,252,228,166,229,222,241,208,241,208,289,230,338,273,246,197,277,246,229,201,248,258,308,271,274,217,165,204,123,130,127,171,235,239,274,256,259,246,174,180,202,203,161,130,183,214,207,228,272,220,175,180,214,182,186,73,181,143,[x],181,156,[x],162,116
2313,Secondary education teaching professionals,9345,8548,9773,8156,10005,8964,4230,3164,5785,6355,7066,4821,10449,8562,10756,8598,10349,8157,4962,3296,5669,6759,7466,4490,8091,7776,9502,7182,13748,12518,7692,4507,5803,6797,6813,4984,8574,8948,10309,8875,8249,6214,4355,3042,4997,5629,5089,4766,5420,5735,6882,6635,8596,5865,4580,2795,4213,4849,5583,4874,7872,7082,9961,8302,10881,8603,5932,3894,6700,7772,9099,6725,9583,8966,10733,7906,9978,8326,4815,4423,4757,5380,7182,7655,8985,8142,9262,9272,10989,8808,5977,3992,5903,5546,5223,5014,7108,7836,7975,7775,12038,[x],[x],3335,6651,6651,4886,2478,5180,4481,[x],6169,6313,[x],3463,2845
2314,Primary education teaching professionals,5027,4407,5099,4200,5194,5768,2862,2499,3801,3836,4465,3082,5567,4609,5271,4494,5031,4864,3602,2672,3622,4436,4778,2895,4245,4351,5196,4227,8247,8179,5850,4004,4006,4575,4753,3587,5041,5228,6572,4689,4390,3691,3041,2085,3234,3983,3998,3477,3708,3218,4965,5109,6116,4941,4306,2871,4005,4617,5066,4569,5962,5316,6678,5188,6375,5726,4634,3776,5062,5473,6217,5319,6917,5772,6574,5121,6744,5939,4102,3304,3955,4289,4987,4285,5608,4941,5376,5974,6532,5358,4483,3333,4881,4506,4347,3647,5645,5584,5962,5874,7240,[x],[x],3493,5369,5014,4486,2697,4881,4033,[x],4790,5160,5572,3999,3386
2315,Nursery education teaching professionals,2755,2470,2705,2203,2372,2722,1443,1167,1857,1969,2553,1667,3160,2349,2622,1952,2293,2710,1836,1147,1711,2072,2608,1601,2124,2089,2427,1865,3558,4088,2957,1687,1814,2233,2372,2014,2280,2265,2501,2038,1691,1562,1192,736,1152,1455,1515,1541,1446,1311,1848,1672,1995,1767,1561,883,1134,1624,2040,1910,2080,1916,2462,1710,2223,2182,1742,1238,1521,1817,2434,2042,2334,2338,2412,1784,1973,1898,1283,957,1098,1474,1949,1632,2053,1771,1932,2152,2304,2196,1807,1171,1536,1664,1683,1271,1957,2001,2016,1854,3111,[x],[x],1103,1690,1609,1718,883,1601,1458,[x],1508,1658,[x],1201,861
2316,Special and additional needs education teaching professionals,2930,3044,3363,2804,3566,3860,2030,1381,2145,2358,2843,1993,3584,2883,3293,2882,3524,3162,2387,1726,2448,2656,2855,1864,2660,2752,3322,2762,5623,5662,4331,2691,2862,3445,3316,2408,3274,3386,3672,3148,3275,3068,2439,1626,2516,2849,2834,2595,2477,2770,3868,3349,3821,3356,2882,1870,2553,3144,3521,2843,3459,2899,3738,3181,4024,3483,2869,1972,2660,3105,3493,2711,3608,3282,4067,3417,3804,3852,2457,2263,2420,2585,2992,2509,3462,3271,3342,3977,4317,3970,3107,1998,3268,3018,3016,2179,3620,3467,3755,3325,4850,[x],[x],2182,3416,3024,3099,1708,3432,2813,[x],3194,3716,[x],2326,1845
2317,Teachers of English as a foreign language,3441,3126,3961,3056,3497,3975,1923,2824,2650,2881,2990,2257,4671,3746,4791,4688,6160,3709,2129,2164,2253,3146,3043,2254,3548,3192,4330,3194,5829,5536,3910,2368,2591,3059,2937,2355,3546,3574,3778,3201,2919,2199,1759,1408,1902,2471,2179,1939,2451,1999,2746,2586,5873,6247,4953,3474,1786,2197,2466,2572,3819,2968,3677,3494,3574,2975,2591,1704,2447,2717,3329,2579,3651,3338,3871,2885,3601,3375,1909,1756,2097,2065,2508,2514,3140,2857,3045,3310,3880,3220,2702,1752,2638,2528,2332,1861,3019,2818,3107,2655,3763,[x],[x],1555,2358,2185,2079,1052,2214,1858,[x],2251,2322,[x],1614,1268
2319,Teaching professionals n.e.c.,2443,2183,2863,2271,2667,3805,1987,1592,1741,1785,1973,1451,2398,2124,2778,1889,2385,2269,2432,1990,1665,2550,2112,1585,2645,2507,2992,2078,4127,3978,3136,2079,2271,2494,2315,1724,2434,2550,2779,2949,2588,2352,1939,2253,1896,2010,1950,1802,1852,1614,2553,2122,2934,2557,2278,1742,1995,2134,2379,2028,2459,2215,2762,2202,3131,2730,2385,2063,2427,2902,3336,2241,2725,2363,2666,2185,2721,2636,1532,1485,1580,1635,1851,1943,2370,2073,2276,2321,2750,2376,2043,1680,2049,2016,1838,1428,2129,2183,2419,1969,3070,[x],[x],1545,2162,1916,1956,988,1787,1578,[x],1974,2020,[x],2550,1612
2321,Head teachers and principals,1367,1302,1417,1181,1245,1060,652,657,868,860,892,712,1451,1218,1383,1098,1208,1080,742,824,954,991,978,663,995,938,1123,876,1475,1459,1028,807,925,1002,983,815,1264,1364,1160,834,866,767,620,668,946,919,901,790,941,963,1156,1032,1254,939,931,723,949,1014,991,888,1377,1301,1615,1200,1409,1063,1027,779,1319,1113,1305,1105,1491,1566,1672,1077,1295,1041,697,616,709,761,903,951,1243,1214,1195,1232,1234,914,736,536,981,875,776,636,1141,1290,1295,1112,1288,936,742,625,1007,900,879,523,1089,1086,[x],1095,1097,[x],652,678
2322,Education managers,1520,1431,1601,1209,1377,1464,1129,958,1189,1238,1246,1006,1630,1287,1512,1237,1400,1333,1185,1083,1497,1404,1354,954,1400,1250,1375,1211,1809,1986,1804,1370,1592,1564,1541,1192,1689,1816,1621,1102,1036,1045,1046,926,1266,1248,1293,1260,1391,1222,1819,1458,1913,1734,1786,1474,1795,1908,2112,1923,2368,2094,2388,1987,2567,2276,2191,1733,2153,2330,2222,1962,2056,2150,2066,1551,2026,1816,1250,1156,1210,1085,1116,1311,1540,1397,1520,1307,1678,1460,1388,1100,1373,1285,1229,940,1213,1372,1420,1253,1766,1642,1224,969,1470,1395,1476,753,1394,1170,[x],1304,1523,1526,1194,1564
2323,Education advisers and school inspectors,675,618,828,697,817,906,653,564,601,557,522,466,737,588,683,705,663,749,534,631,582,660,659,401,650,627,584,671,777,962,838,581,651,649,668,430,788,830,626,444,341,356,449,379,486,467,437,417,478,444,748,493,663,617,656,565,731,703,729,720,845,734,906,800,905,811,868,781,759,886,758,738,758,765,809,565,773,733,521,493,438,451,435,419,573,522,470,532,738,531,554,426,475,393,455,366,462,571,728,470,734,745,611,459,587,565,590,373,557,358,[x],529,512,538,604,657
2324,Early education and childcare services managers,5026,3186,2323,2533,2223,3130,1909,2073,1517,1053,1092,1019,1936,1616,1632,1662,1667,1737,1587,1449,2131,981,834,659,974,887,1139,806,1235,1416,1516,1155,1437,1360,1156,898,1334,1438,1224,698,607,674,789,888,967,867,872,701,835,733,1182,912,995,1055,1244,1024,1142,1137,1194,1209,1221,1084,1267,943,1376,1266,1236,1133,1213,1255,1352,988,1288,1082,1189,957,1206,1123,745,776,745,771,775,641,954,839,834,1173,1428,1305,1400,1209,1328,1185,1053,661,1177,1263,1403,1102,1361,1393,1363,1175,1428,1364,1301,598,1426,1072,[x],1178,1156,[x],1221,1043
2329,Other educational professionals n.e.c,1065,901,847,650,929,721,654,669,709,737,750,502,816,674,675,544,785,989,831,837,680,583,582,388,601,529,573,498,657,717,756,649,634,826,645,517,798,818,671,333,251,295,354,406,423,509,485,416,404,392,695,572,941,890,1046,807,1055,1061,1073,918,1173,1006,1170,873,1092,981,1133,952,1010,1036,917,717,951,886,797,564,825,915,561,536,539,472,460,551,540,500,498,486,489,624,509,407,507,527,401,303,392,424,392,347,410,463,418,373,385,385,350,220,411,322,[x],328,428,[x],360,357
2411,Barristers and judges,162,158,152,188,198,239,164,184,140,104,108,87,150,116,187,153,192,204,215,179,139,124,122,99,136,158,197,191,307,336,263,177,137,140,122,105,205,156,214,242,223,204,218,144,175,219,147,113,146,140,276,210,265,242,261,214,221,205,210,172,252,256,255,219,297,284,243,202,227,235,188,193,219,190,207,174,240,254,161,207,176,156,168,184,240,162,195,211,244,167,160,114,135,172,109,71,195,140,150,117,272,270,174,156,236,239,112,61,217,101,[x],157,140,[x],159,140
2412,Solicitors and lawyers,7563,5307,6205,5491,6819,6717,5095,5965,5898,6189,5726,6539,8126,7799,8368,7442,7773,7797,7650,8007,8775,8220,8806,7039,10020,9037,9220,7650,12312,11435,13289,10857,9875,9554,9561,7420,10296,10572,11197,6447,4810,4812,5585,5193,6276,6015,6093,5435,7931,6692,9471,8128,8184,8152,8280,7585,7871,7735,7479,6792,8337,7549,7821,7559,7668,8122,8489,7291,7747,8316,8669,7191,8795,7578,8072,6386,7477,7656,6807,5612,5327,6058,5559,5249,6810,5175,4982,5477,5707,5083,5351,5159,5082,5426,4879,3499,5741,6926,7030,5997,7578,7491,6557,6233,5935,5850,5602,3049,5286,4634,[x],4621,5453,5514,5597,[x]
2419,Legal professionals n.e.c.,3641,2968,3492,3026,3370,3948,2865,3231,2847,3264,2948,2867,4356,4151,4414,4007,4314,4250,4036,3968,4131,3945,4098,3041,4926,4430,4482,3533,5327,4987,5238,4421,3895,3650,3775,2824,4226,4593,4723,2298,1564,1456,2030,1925,2467,2665,2635,2644,3486,3329,5164,3874,4015,3968,3957,3748,3876,3893,3927,3494,4553,4029,4389,4114,4804,4513,4534,4354,4184,4206,4235,3558,4047,3685,3496,2995,3453,3655,2838,2535,2126,2375,2124,2251,2837,2330,2184,2438,2628,2541,2636,2425,2392,2370,2276,1595,2509,3268,3075,3062,3541,3386,3167,3102,2680,2893,2912,1327,2358,2096,[x],2359,2583,2825,3242,3878
2421,Chartered and certified accountants,5342,4007,4635,4068,4097,4971,4058,4165,3984,4278,3920,3226,5151,4247,4364,4004,4229,4249,3981,3977,3961,3833,4219,2737,4423,4321,4724,3744,5673,5995,6002,4708,4125,4152,4265,3018,4378,4211,4074,2228,1692,1871,2000,2007,2122,2499,2618,2340,2818,2652,4031,3085,3594,3241,3562,2965,4222,3405,3233,3381,3999,3928,4092,3343,4178,3549,3541,3212,3402,3567,3427,2820,3522,3099,2954,2778,2676,2816,2121,1999,1900,2237,2045,1667,2196,1760,1504,1779,1649,1583,1696,1423,1371,1315,1302,903,1412,1387,1474,1110,1573,1621,1449,1464,1702,1582,1639,828,1515,1157,[x],1273,1357,1710,1238,1474
2422,Finance and investment analysts and advisers,12068,9480,11554,9490,9760,12982,9408,10046,10186,11501,9801,8257,13393,10895,11506,10574,11810,11128,10429,9741,9952,10067,11696,6975,11867,12227,13034,9519,14568,14616,14364,11890,10538,10800,10805,8851,11334,11854,11521,6338,4775,4981,5452,4954,5635,6625,6107,5698,7840,7089,10647,7947,10088,9597,10303,9256,10057,9307,9124,9003,12141,11358,12269,10127,14873,11624,10998,10149,10207,10431,10034,8072,9888,8959,8394,7139,8260,8429,6618,6208,5237,6176,5530,5184,6719,5152,4459,5245,5501,4816,4984,4340,4324,3802,4146,2942,4415,5177,5454,4522,6178,6331,5630,6290,5854,6158,5496,3138,5528,[x],[x],4206,5042,6363,5065,6205
2423,Taxation experts,2405,2100,2551,2051,2220,2937,2195,2380,2542,2838,2543,2014,2807,2393,2840,2736,3916,3029,3206,2267,3048,2439,2595,1989,2797,3171,3757,2500,3720,3867,5504,3160,3288,2799,3369,2220,3134,2874,3021,1734,1044,1079,1026,1098,1188,1646,1483,1293,1683,1723,2437,1844,2390,2069,2426,2246,2379,2100,1991,2161,2850,2585,2609,2052,2909,2439,2632,2353,2678,3152,2772,2414,2953,2480,2524,2836,2572,2572,2132,1815,1810,2111,2175,1872,2412,1715,1693,2446,1890,1678,1985,1688,1723,1576,1856,1381,1943,2104,1817,1763,2574,2031,2107,2209,2429,2236,1858,1409,2197,[x],[x],1880,2136,2168,1799,2330
2431,Management consultants and business analysts,10334,8292,9506,8599,9150,9289,7987,7883,7778,8647,7587,5964,9243,7789,8319,7175,7734,7503,7308,6799,6874,7074,6797,4782,7852,7154,7772,6297,8880,9544,9186,7458,7347,7648,7383,5251,7799,8416,7383,4040,3260,3467,3726,3592,4463,4916,4551,4715,5744,5766,8275,6604,7801,7694,8945,8136,7907,8300,8166,8028,10186,9973,10298,8355,10675,9342,9070,8743,8187,8594,8218,6966,7513,7383,7012,5409,6386,6248,4550,4254,3587,3783,3507,3353,4361,3285,3245,3467,3476,3208,3161,2870,2859,2854,2584,1957,2808,3449,3805,3018,4568,4220,3773,3639,3380,3501,4003,1868,3080,2706,[x],3233,3620,4181,4234,5494
2432,Marketing and commercial managers,7656,6480,6993,6272,6354,7155,5638,5655,5359,5523,5555,4437,7253,6391,7188,6117,6309,6134,5883,5577,6086,5419,5708,3820,6529,5947,6215,5076,7707,8611,8299,6239,5926,6227,6298,4934,6874,7605,7050,3336,2674,2856,3049,2966,3593,3937,3872,3961,4850,4400,7432,5142,6621,6267,7311,6392,6275,7241,6194,6154,7486,7501,7769,6455,8040,7011,7249,6383,5828,6331,6005,5591,6107,6057,5432,4337,5379,5394,4129,3925,3337,3477,3810,3271,4425,3413,3114,3725,3636,3100,3195,3194,2969,3031,2785,2100,2817,3383,3493,3026,4332,3942,3453,3113,3178,3624,3841,1979,3366,2699,[x],2811,3256,3779,3718,3912
2433,"Actuaries, economists and statisticians",3348,2921,3293,3204,3413,3166,2596,2730,2720,2961,2798,2283,3573,2921,3416,3037,3385,2920,2679,2366,2724,2914,3029,2235,3352,3425,3603,3032,4500,4296,4267,3608,3741,3740,3956,2962,4063,4050,4257,2784,2189,1978,1803,1738,2215,2282,2209,2175,2929,2598,3774,2693,3110,2949,3499,2910,2983,3162,3211,3071,4682,4585,4470,3549,4479,3381,3317,3134,3188,3390,3319,3005,3993,3131,2908,2473,3069,2858,1888,1760,1719,1845,1899,1854,2061,1763,1815,1757,1785,1457,1370,1234,1422,1417,1383,1057,1467,1974,2159,1597,2548,2368,1750,1637,1927,2013,2101,950,1654,1338,[x],1587,2015,1990,2065,2317
2434,Business and related research professionals,3234,2668,3166,2735,2981,3003,2670,2723,2589,2759,2772,2093,3184,2894,3283,2669,3007,3000,2818,2558,2678,2776,2788,2157,2778,2545,2718,2378,3496,3507,3571,3209,2947,3758,3334,2680,3374,3869,3528,2040,1471,1536,1785,2018,2075,2329,2302,2150,2257,2222,3566,2489,2904,3052,3419,3139,3220,3639,3577,3284,3846,3661,3916,3073,4194,3543,3588,3253,3123,3328,3229,2859,3164,2932,2640,2294,4293,3697,2099,2254,1677,1708,1983,1636,2159,1887,1658,1704,1753,1647,1458,1527,1390,1514,1420,949,1322,1613,1659,1386,1806,2351,2557,1461,1477,1591,1593,960,1523,1231,[x],1167,1699,1399,1467,1826
2435,Professional/Chartered company secretaries,78,60,63,61,54,47,44,30,46,51,35,36,58,32,51,47,51,44,44,29,39,38,34,36,51,48,56,46,42,62,56,38,35,40,39,27,48,49,54,31,18,17,32,18,35,50,36,27,36,27,77,32,32,31,44,31,36,43,37,41,35,42,54,54,68,42,50,42,46,38,40,37,65,49,53,35,37,40,31,41,13,29,29,34,36,50,30,27,31,22,26,16,20,21,15,16,22,23,33,22,32,31,29,34,28,28,22,6,27,25,[x],19,25,[x],[x],[x]
2439,"Business, research and administrative professionals n.e.c.",684,622,701,678,646,846,626,696,612,637,650,515,670,681,719,572,680,760,624,669,755,702,692,472,711,630,679,623,832,839,793,758,678,782,704,589,770,874,794,497,408,591,640,706,716,721,908,713,788,722,993,826,966,899,1050,867,913,1084,976,921,1183,1081,1046,1023,1297,993,1030,954,980,984,1060,897,974,926,833,694,989,984,739,665,609,645,674,639,769,613,710,668,628,528,603,542,502,496,445,405,520,630,653,588,722,637,605,658,615,565,581,305,519,483,[x],510,616,[x],551,604
2440,Business and financial project management professionals,15058,13304,14106,12560,13570,13141,10790,10880,10511,11200,10976,8349,12536,11018,12226,10589,11214,10912,10634,10473,10948,11182,10853,8051,12236,10866,11494,9662,12887,13560,14100,11739,11697,11998,11700,8450,13079,14249,12723,6263,5023,5644,6165,5921,6865,8029,7990,7590,9379,9096,13815,10328,12359,12606,14002,12189,12260,13219,13403,12447,15860,15024,15643,13205,16918,14670,14408,14365,13430,14308,13839,11380,13304,12202,12058,9815,11396,12032,8435,8415,7052,7190,7507,7025,9019,7073,6764,7470,7733,6588,7239,6544,6509,6134,5508,4032,6281,8322,7477,6279,8620,[x],[x],7282,7543,7987,8408,4441,7577,6288,[x],7067,7260,8017,8125,11157
2451,Architects,1261,1101,1201,1222,1171,1135,969,1022,879,1048,975,806,1099,986,1125,930,978,968,943,1008,1012,1105,1101,772,1273,1009,1071,986,1198,1280,1367,1152,1190,1237,1354,945,1329,1385,1220,688,473,581,488,582,708,780,705,569,924,833,1455,1270,1194,1096,1279,1032,1105,1078,1018,969,1240,1132,1205,1097,1538,1191,1168,1122,1135,1089,1205,1079,1265,1143,1082,949,1113,1199,769,714,721,723,699,729,809,558,655,674,659,528,573,589,563,479,529,409,653,789,728,647,1019,[x],[x],723,736,812,930,459,858,645,[x],636,829,831,822,971
2452,"Chartered architectural technologists, planning officers and consultants",1073,928,1191,1230,1283,1136,934,979,887,961,984,758,1038,959,1083,1026,1115,1053,1049,1048,1171,1194,1242,915,1482,1185,1284,1009,1248,1458,1450,1255,1248,1287,1212,880,1246,1362,1143,646,351,481,709,673,753,896,885,833,1020,952,1524,1263,1322,1228,1424,1254,1149,1135,1066,1040,1487,1134,1198,1079,1246,1267,1111,1287,1136,1243,1308,975,1270,1118,1183,1017,1277,1355,1018,950,985,950,967,853,1055,920,943,893,935,801,909,892,911,877,757,668,997,1334,1132,896,1439,[x],[x],1013,1157,1174,1063,723,1107,946,[x],875,955,1074,922,1186
2453,Quantity surveyors,7180,5184,6437,6243,6648,6726,4642,4919,4251,4289,4603,3586,5023,3831,5301,3854,4094,3854,3231,3465,3807,3924,3808,2925,5079,3965,4277,3958,4912,5341,4828,4853,4839,5232,5044,4068,4521,5237,5672,3161,1659,4081,2274,2265,2527,3097,3636,2864,4065,4217,5448,4338,4806,4278,4864,3681,4088,3880,3800,3628,5191,4122,4189,3293,4568,4297,3591,4211,4411,4356,4591,3831,5069,4128,4402,4315,4660,5363,3619,3524,3713,3253,3755,3000,4370,3509,3632,4189,3627,3194,3444,3027,3175,2820,2658,1913,3459,5352,3159,2878,4096,[x],[x],3506,3762,3900,3807,2165,4020,3203,[x],3213,3152,[x],3034,[x]
2454,Chartered surveyors,1938,1796,2162,2049,1985,2118,1577,1548,1396,1438,1526,1187,1441,1416,1497,1319,1388,1280,1291,1430,1401,1387,1493,1176,1933,1473,1511,1318,2023,2125,2130,2128,1923,2176,2068,1620,1848,2123,1984,1066,588,1313,1051,1099,1301,1702,1727,1653,1990,1789,2563,2054,2233,2187,2222,1693,1978,1842,1712,1585,2225,1777,1887,1566,2143,2000,1863,1900,1768,1822,1956,1512,2151,1857,1749,1913,2063,2186,1623,1508,1533,1510,1607,1503,1936,1452,1680,1623,1655,1323,1560,1451,1596,1483,1315,1009,1585,2187,1600,1373,1968,[x],[x],1695,1747,1797,1706,1020,1759,1351,[x],1382,1381,1329,2357,2609
2455,Construction project managers and related professionals,1472,1267,1665,1495,1537,1616,1561,1476,1282,1454,1021,791,1282,1040,1212,1017,1356,1169,1145,1144,1270,1236,1128,917,1463,1185,1182,1059,1391,1460,1543,1241,1367,1389,1272,989,1302,1377,1331,740,514,939,831,724,801,1003,1017,934,1108,1054,1620,1265,1506,1608,1589,1329,1374,1491,1421,1379,1617,1395,1691,1226,1586,1429,1373,1385,1323,1481,1436,1103,1418,1397,1234,1078,1271,1344,1014,983,946,891,907,850,1243,914,918,1120,1158,973,1157,991,1063,964,894,633,1029,1328,1091,982,1254,[x],[x],1056,1145,1202,1129,656,1229,1151,[x],1109,1341,1254,1348,1830
2461,Social workers,3010,2390,3018,2734,3013,3465,2435,2662,2510,2623,2804,2041,3272,2447,3222,2933,2977,3294,3061,2699,3194,3448,3746,2187,3673,2752,2950,2769,4322,4112,3797,3438,3408,3900,3876,2672,3773,4211,4011,4102,4097,4679,4240,3862,4284,5113,3919,3318,4314,4325,5143,4107,4715,3981,4669,4092,4580,5050,4710,3735,4776,4148,5248,3949,5181,4797,5146,5209,5441,5914,5236,4120,5339,4491,5428,4484,4836,5271,4354,4436,4178,4117,4341,3936,5277,4058,3659,4223,4084,3680,4052,3353,3229,3314,2917,2184,3780,3388,3369,3264,4339,3857,3535,3592,3380,3090,3034,1421,2828,2370,[x],2944,3211,[x],[x],2943
2462,Probation officers,70,62,101,80,109,117,107,66,76,69,76,107,97,67,92,68,77,86,83,91,94,116,107,81,133,116,91,62,131,134,131,106,115,114,137,96,157,119,121,93,119,105,91,123,141,171,160,105,165,170,180,166,119,92,114,121,99,111,134,140,156,122,145,102,213,277,180,159,164,237,164,160,205,211,189,155,220,188,186,196,161,152,191,134,230,129,85,118,140,102,157,231,150,110,95,99,136,382,156,120,177,213,188,201,162,157,157,62,344,89,[x],143,146,[x],130,120
2463,Clergy,364,312,307,310,339,318,373,251,316,371,370,295,358,533,431,412,362,458,253,256,366,370,356,228,357,321,316,319,892,328,354,293,306,479,402,327,440,416,442,248,224,211,266,199,221,370,243,222,274,279,406,342,428,465,424,316,363,440,380,329,435,416,468,410,546,435,430,431,664,917,607,465,641,456,951,799,1036,1165,540,380,306,269,282,298,398,335,385,384,355,312,335,224,240,298,278,212,291,392,382,314,433,372,268,236,274,370,248,173,258,214,[x],295,266,[x],218,183
2464,Youth work professionals,106,110,120,131,117,161,120,121,96,90,99,70,99,69,96,68,95,131,86,82,112,128,139,95,99,96,123,99,146,140,111,89,130,121,136,71,133,145,124,85,100,78,63,67,68,112,114,71,95,89,141,99,116,98,105,91,112,91,95,77,116,95,113,114,146,121,154,168,112,124,134,130,149,100,170,106,162,118,91,108,79,95,91,80,114,95,93,133,140,132,131,100,135,137,83,83,126,133,96,97,145,127,119,112,118,103,103,56,88,82,[x],66,94,84,132,[x]
2469,Welfare professionals n.e.c.,606,521,605,571,668,712,467,543,429,506,444,353,519,488,501,439,499,564,524,463,601,605,660,465,613,543,656,508,757,877,808,648,606,687,710,548,771,776,668,468,485,604,590,628,581,826,634,548,718,685,845,632,704,757,875,656,733,768,805,629,772,783,905,783,939,824,896,786,800,872,827,635,804,775,734,581,771,823,707,535,465,455,485,522,606,507,499,582,597,606,586,451,505,487,444,376,497,512,513,470,534,523,608,527,536,603,520,322,600,495,[x],463,488,[x],493,432
2471,Librarians,164,149,172,115,174,171,141,135,135,151,128,88,131,130,130,114,149,160,155,105,139,127,131,92,158,109,109,99,151,151,192,120,157,140,162,121,180,176,120,84,73,92,53,83,144,120,96,105,107,120,189,130,203,249,227,171,213,221,214,178,203,207,248,205,296,263,311,176,255,222,192,155,218,198,189,151,224,240,129,110,128,98,120,103,153,116,137,124,136,161,123,93,112,77,86,47,78,82,104,79,96,140,127,70,103,97,97,37,75,71,[x],85,98,101,82,92
2472,"Archivists, conservators and curators",111,91,117,82,118,94,83,53,61,63,122,37,92,104,113,66,90,100,87,109,117,161,103,68,63,93,72,66,86,76,53,69,85,94,94,54,99,96,69,21,30,35,20,54,47,40,50,46,68,50,84,84,104,108,103,75,120,116,84,98,111,111,116,92,99,106,114,90,101,94,79,65,77,106,101,90,74,89,66,64,46,59,47,53,71,55,85,68,66,66,68,69,53,58,73,57,75,73,93,75,87,74,63,72,76,74,60,38,66,74,[x],56,60,73,[x],52
2481,Quality control and planning engineers,986,782,927,854,922,882,742,777,752,799,848,601,853,748,800,700,758,869,726,736,767,699,634,461,800,686,707,571,956,980,1023,734,705,706,752,556,759,787,729,477,358,324,365,387,452,460,437,437,546,572,865,869,825,763,898,714,704,860,834,698,890,923,952,819,1090,937,878,906,772,827,843,667,773,764,702,599,719,718,527,553,491,517,525,477,599,539,445,511,526,472,423,432,404,387,383,263,466,552,534,391,601,485,487,508,540,557,565,305,495,415,[x],460,496,455,522,678
2482,Quality assurance and regulatory professionals,6308,5213,5722,4920,5350,5477,4730,4995,4705,5412,5173,3999,6008,5641,5647,5149,5409,5270,5112,4866,4917,4986,4858,3331,5570,5157,5748,4454,6330,7331,7018,5693,5399,5881,5743,4125,6074,6502,6143,3912,3183,3561,3588,3490,3960,4177,3956,3833,4582,4450,6973,5198,5830,5764,6879,5655,5905,6098,6061,5720,7413,6601,7064,5898,7762,6661,6606,6324,6161,6562,6316,5280,5828,5271,5278,4320,5413,5510,4102,3855,3169,3980,3528,3479,4326,3329,3232,3509,3777,3288,3650,3149,3082,2986,2976,2157,3100,3792,4063,3095,4140,4108,3861,3622,3423,3603,3923,2086,3441,3097,[x],3334,3613,3860,4147,4510
2483,Environmental health professionals,99,86,110,116,120,145,115,139,140,115,123,115,189,134,144,135,140,177,132,174,135,144,147,96,165,152,160,122,178,164,140,166,196,268,275,220,282,248,158,94,94,155,284,286,222,285,249,340,235,257,330,206,267,296,281,231,280,255,234,220,240,182,198,188,214,178,211,190,165,194,162,150,190,159,206,156,199,196,164,173,146,123,154,158,126,113,125,142,172,133,131,156,122,126,135,88,133,179,125,143,206,217,171,175,179,154,167,80,139,122,[x],172,158,[x],125,[x]
2491,"Newspaper, periodical and broadcast editors",472,378,410,410,386,389,311,389,371,326,369,319,447,490,477,409,413,426,400,382,324,377,308,267,402,355,343,311,397,414,459,438,374,357,399,307,443,459,461,248,183,187,224,218,219,234,183,180,245,215,404,214,323,332,403,380,420,406,412,343,545,428,391,343,485,377,420,358,332,386,320,352,345,314,276,274,323,290,198,242,158,160,154,166,227,226,181,189,170,155,156,136,131,124,105,67,129,134,187,149,230,166,190,136,116,152,157,75,130,85,[x],87,112,125,117,[x]
2492,Newspaper and periodical broadcast journalists and reporters,246,235,272,248,209,234,214,247,192,226,275,203,277,414,304,273,284,286,226,209,236,266,838,255,503,602,449,241,343,315,317,261,278,317,299,229,362,325,290,150,160,139,165,158,181,194,224,135,171,177,323,213,480,320,412,475,421,390,413,354,406,360,394,319,446,353,387,338,299,373,288,257,417,257,316,215,272,283,595,402,352,168,361,356,408,470,180,582,440,164,382,268,363,143,310,110,125,149,182,183,203,186,158,130,171,155,204,84,118,98,[x],124,101,[x],[x],135
2493,Public relations professionals,3354,2891,3255,3228,2841,3211,2563,2620,2497,2504,2543,1960,3261,3187,3217,2696,3034,3019,2934,2643,2922,2769,2798,1998,3004,2991,3385,2689,3813,4072,4033,3097,2927,3115,3142,2439,3439,3513,3103,1675,1458,1559,1870,1436,1939,2022,1872,1979,2398,2457,4752,2710,3200,3353,3919,3351,3962,4091,3698,3872,4747,4183,4466,3772,4456,3915,4059,3691,3192,3711,3408,3017,3618,3047,3369,2329,2916,3097,2707,2425,1956,1779,2132,2030,2677,2480,1811,2761,2087,1772,2350,1856,2173,1667,1979,1025,1567,1781,2091,1811,2214,2165,1878,1725,1774,1890,2030,1016,1568,1471,[x],1411,1797,2712,1788,1832
2494,Advertising accounts managers and creative directors,1450,1255,1300,1238,1245,1311,1034,1024,1028,1082,1013,822,1392,1338,1494,1183,1163,1146,1046,1024,976,1055,983,667,1215,1070,1239,1060,1393,1473,1591,1237,1178,1323,1149,818,1513,1278,1202,592,409,400,457,526,526,553,708,526,646,719,1156,864,1002,1011,1211,1073,1195,1173,1077,1022,1275,1215,1318,983,1396,1157,1245,986,967,995,904,893,907,821,852,661,839,826,549,548,499,574,517,553,623,544,488,522,614,570,565,525,515,518,512,386,455,594,626,510,692,657,584,491,498,613,625,299,501,478,[x],446,532,527,592,620
3111,Laboratory technicians,1255,1167,1378,1297,1340,1246,1214,1249,1211,1076,1179,879,1178,1023,1272,1054,1200,1266,1073,1297,1238,1320,1081,779,1169,1032,1122,949,1595,1418,1494,1411,1233,1317,1123,921,1259,1351,1204,724,668,797,960,980,1092,1358,1203,1244,1281,1246,1907,1494,1641,1637,1820,1665,1707,1848,1944,1645,1966,1816,1854,1532,2020,1688,1854,1673,1682,1799,1697,1485,2216,1568,1525,1262,1978,1719,1301,1206,1134,1156,1049,1031,1169,915,1062,1091,1213,1135,1295,1094,1162,1040,1010,705,1022,1093,1148,962,1085,1028,1144,913,985,962,921,787,885,883,[x],786,822,[x],1140,952
3112,Electrical and electronics technicians,928,810,956,812,775,948,737,672,735,803,782,636,790,662,825,776,865,923,778,688,708,693,687,531,831,785,753,674,934,1067,1232,820,867,962,878,703,976,982,757,583,370,493,500,509,492,582,630,551,679,534,901,768,854,744,865,807,790,894,842,951,1052,1054,1155,882,1082,1039,1210,1100,1079,1100,1186,975,1159,1034,1065,785,960,1042,839,773,730,739,725,713,904,755,678,780,777,661,705,620,659,566,511,369,603,688,661,742,730,[x],[x],813,779,955,836,445,687,612,[x],678,651,597,603,728
3113,Engineering technicians,4213,3679,4116,3285,3428,3393,2859,2883,2761,2992,2974,2478,3290,2816,3029,2966,3179,3079,3211,2920,3135,2962,2826,2225,3600,3041,3240,2815,3731,4180,4535,3418,3378,3420,3235,2641,3371,3608,3099,2150,1594,2000,2024,1932,2141,2217,2237,2099,2747,2386,3913,3618,3598,3036,3580,3050,2976,3311,3324,3232,3743,3798,4036,3348,4337,4087,4234,4325,4083,4148,3798,3392,4108,3781,3722,3134,3600,3904,2880,2674,2370,2377,2506,2517,3180,2509,2440,2639,2667,2412,2540,2310,2507,2364,2055,1411,2536,2818,2951,2400,3241,[x],[x],2735,2939,3074,3354,1702,3021,2460,[x],2986,2692,2766,3032,3461
3114,Building and civil engineering technicians,805,571,774,671,704,672,478,542,465,540,488,444,626,608,592,568,582,500,497,472,531,509,525,425,657,497,548,506,652,731,730,602,631,681,602,560,735,767,710,430,231,262,271,369,348,462,378,416,496,458,673,646,736,731,839,609,744,792,646,627,881,783,818,629,853,789,716,715,681,771,768,681,767,771,778,660,734,818,591,479,494,484,513,464,599,504,479,510,521,434,504,400,450,430,360,321,478,656,505,459,565,[x],[x],530,544,585,526,280,554,557,[x],487,645,449,673,616
3115,Quality assurance technicians,2202,1870,2277,2020,2150,2187,1631,1700,1740,1848,1771,1358,2071,1794,1760,1703,1844,1820,1783,1824,1882,1908,1743,1382,2160,1741,1911,1577,2287,2483,2675,2017,1854,2190,1821,1420,1764,1988,1545,1066,793,850,842,890,1034,1239,1188,1293,1409,1368,2365,2089,1945,1898,1966,1690,1802,1967,1968,1924,2497,2412,2413,2124,2759,2371,2368,2420,2212,2295,2275,1813,2274,2025,1847,1617,1943,2213,1683,1516,1244,1524,1427,1409,1977,1472,1398,1503,1509,1442,1482,1266,1321,1240,1032,726,1162,1395,1365,1281,1471,[x],[x],1357,1346,1447,1418,709,1275,1131,[x],1320,1306,[x],1549,1475
3116,"Planning, process and production technicians",1131,1002,1128,1039,987,1022,767,848,944,919,884,668,998,850,882,859,1022,968,922,911,906,1040,939,727,1045,879,995,802,1109,1305,1351,977,931,1110,1000,759,936,1053,755,613,439,433,534,566,605,666,627,668,768,784,1365,1055,1152,1190,1237,1056,1204,1324,1266,1193,1642,1450,1506,1180,1573,1440,1437,1407,1206,1312,1305,1040,1263,1153,1196,931,1146,1209,849,839,769,734,746,630,871,746,729,826,861,809,776,762,730,775,621,463,727,765,766,674,915,835,861,754,693,813,937,404,740,632,[x],709,682,761,752,765
3119,"Science, engineering and production technicians n.e.c.",3159,2835,3300,2684,2976,3205,2443,2179,2788,2500,2684,2187,3109,2598,2844,2501,3142,3224,2837,2367,3162,2862,2794,2183,3167,2689,3149,2310,4018,4354,3835,2642,3034,3112,2843,2191,3033,3348,2814,1968,1743,1903,1714,1561,2243,2235,1842,1915,2063,1889,3126,3022,3646,3313,3430,2734,3287,3339,3303,3115,3881,3379,3961,3189,4165,3982,3923,3284,3802,4174,3960,3249,5330,4089,4234,3007,4432,4274,3038,2520,2561,2494,2650,2474,2964,2579,2600,2763,3101,2992,2823,2330,2710,2437,2101,1517,2251,2536,2636,2293,3273,[x],[x],2281,2728,2480,2329,1897,2276,1792,[x],2241,2250,[x],2613,2284
3120,"CAD, drawing and architectural technicians",3860,3127,4046,3446,3787,3593,2739,2800,2817,2762,2834,2294,3074,2739,3009,2743,3053,2854,2757,2694,2944,2827,2691,1969,3366,2704,2903,2399,3193,3769,3674,2716,2894,2946,2758,2139,2970,3332,3090,1612,1037,1286,1381,1395,1488,1665,1650,1477,1978,1967,2869,2580,2745,2478,2989,2415,2503,2507,2332,2418,2864,2627,2879,2556,3300,3075,2807,2663,2649,2899,2720,2152,2896,2619,2300,2029,2202,2586,1863,1681,1567,1493,1530,1653,2077,1621,1764,1748,1642,1473,1542,1497,1322,1485,1140,790,1331,1865,1595,1526,1915,[x],[x],1539,1651,1738,1841,916,1722,1404,[x],1572,1520,1630,1619,1986
3131,IT operations technicians,5846,5081,5886,5134,5230,5264,4532,4860,4490,5024,4716,3686,5245,4834,5384,4737,5214,5241,4943,5051,5492,5352,5124,3578,5480,4976,5214,4398,6693,7344,7282,5503,5861,6093,5923,4418,6098,6681,5597,3886,2551,3057,3229,3207,3728,4059,3511,3863,4073,3787,6552,5323,6705,5688,6753,5544,6303,6508,6562,6020,7461,6655,7238,6067,7805,6497,7018,7095,6563,6972,6759,5474,6194,5482,5416,4586,5407,5851,4085,4048,3258,3494,3218,3410,4218,3407,3530,3827,3942,3595,3734,3353,3438,3334,3033,2089,3345,3600,3534,3088,4257,4054,4071,3678,4075,3995,4140,2080,3687,2993,[x],3349,3681,[x],4012,4013
3132,IT user support technicians,15473,13744,15929,13821,14927,14030,11631,12328,11807,13346,12367,9676,14500,12356,13636,12795,13287,14165,13751,14609,14529,13782,12983,10027,14103,13428,14099,11820,16174,18257,20197,15713,15172,16034,14755,12140,16063,17114,14720,8268,6385,7265,7606,8165,9145,10483,9167,8551,10638,9585,17340,13325,15642,14538,17419,15994,17068,17997,17689,15310,19370,18111,20141,17477,20850,17546,18118,19087,17865,18798,18423,15125,17946,15098,14809,12623,15054,15602,11652,11347,8905,8752,8468,8365,10849,9125,8856,10535,11368,10304,10735,10250,10112,9621,8427,6158,9198,9823,9879,8603,11442,10397,10328,9644,10129,10052,9968,4824,9384,7874,[x],9084,9426,[x],9378,9434
3133,Database administrators and web content technicians,2320,2012,2438,2130,2268,2209,1858,2001,2119,2150,2027,1596,2303,2492,2667,2193,2095,2054,2111,1883,1898,1805,1885,1381,2181,2010,2280,1750,2529,2730,2787,2227,1967,1986,2088,1420,2208,2200,2040,1172,1040,1080,1031,1148,1309,1413,1216,1163,1436,1490,2378,1756,2083,2198,2438,2206,2937,2812,2618,2348,3075,2917,3286,2443,2984,2610,2923,2584,2728,2611,2434,2245,2397,2084,1883,1507,1958,2069,1475,1435,1052,1176,1090,981,1440,1179,1101,1185,1237,1100,1172,1058,1130,1103,973,656,983,1202,1207,955,1409,1410,1277,1280,1223,1300,1564,598,1129,1016,[x],996,1102,1062,1235,1156
3211,Dispensing opticians,353,288,358,343,501,257,172,357,394,227,575,239,464,675,416,434,717,333,405,285,420,706,693,521,467,840,833,735,1039,726,505,521,515,475,571,199,666,730,458,126,69,89,90,120,133,218,137,171,161,216,226,154,221,206,237,380,297,264,461,183,347,258,190,198,359,452,391,525,651,416,650,598,863,402,712,316,667,424,309,290,223,330,222,352,289,197,274,536,405,316,421,313,356,365,280,321,325,295,342,371,373,363,249,214,268,239,239,142,356,229,[x],300,288,207,[x],196
3212,Pharmaceutical technicians,459,485,556,529,546,560,516,505,481,502,568,379,645,543,630,542,712,637,697,726,660,687,735,545,646,589,609,564,788,829,809,690,658,722,689,625,733,896,716,513,690,838,729,687,879,1017,920,844,913,794,983,792,957,956,1131,990,961,1123,1173,860,1220,1137,1196,1081,1343,1163,1153,1167,1330,1440,1317,1083,1329,1191,1241,1037,1315,1280,1197,946,861,968,1250,842,1160,922,948,1107,1119,1141,1195,994,1047,924,993,788,1115,947,962,897,1051,903,965,851,850,749,756,362,701,617,[x],636,625,[x],637,652
3213,Medical and dental technicians,1318,1168,1489,1306,1438,1242,1075,1169,1076,1063,1259,992,1317,1278,1202,1204,1275,1384,1164,1094,1052,1414,1357,945,1403,1520,1518,1337,1936,1715,1739,1445,1473,1516,1486,1315,1713,1865,1787,1053,1096,1187,1158,1293,1401,1703,1343,1388,1574,1421,2122,1683,1917,1805,2024,1657,1906,2112,2111,1899,2071,2094,2432,2136,2805,2364,2572,2485,2480,2567,2635,2323,2641,2245,2316,2008,2560,2348,2113,1765,1546,1571,1537,1422,1900,1535,1579,1941,2027,1831,1925,1703,1537,1495,1581,1089,1630,1700,1612,1374,1720,1597,1874,1437,1766,1613,1511,846,1556,1598,[x],2108,1641,1215,1169,957
3214,Complementary health associate professionals,500,486,568,622,533,679,404,310,374,308,318,211,301,299,274,268,293,308,292,361,445,456,347,296,363,312,367,268,405,375,385,309,404,454,645,379,377,396,296,295,208,270,325,330,395,389,336,316,325,321,571,439,470,491,544,379,408,453,378,293,425,354,489,395,507,479,429,495,378,412,352,344,389,330,336,362,470,440,322,295,283,240,283,229,360,292,291,432,415,415,397,415,369,378,321,164,330,372,384,366,449,449,433,337,410,424,408,237,381,393,[x],318,379,427,331,361
3219,Health associate professionals n.e.c.,290,293,266,292,330,295,231,260,216,283,224,202,266,285,281,262,240,235,218,257,271,275,279,186,255,233,252,267,329,385,364,289,349,340,349,214,369,406,481,287,365,480,573,563,574,601,710,580,475,316,449,405,379,410,482,419,432,457,465,421,507,444,484,437,538,460,471,465,526,524,547,442,509,476,514,362,421,334,288,311,231,286,281,298,324,321,269,307,365,320,359,313,316,331,307,256,325,371,370,268,293,288,285,272,261,273,283,161,284,269,[x],244,242,[x],275,239
3221,Youth and community workers,1511,1444,1584,1976,1606,1815,1471,1470,1461,1438,1717,1864,1999,1428,1570,1447,1502,1691,1592,1556,1717,1741,1632,1222,1755,1537,1769,1590,2203,2225,2514,1794,2022,2153,1988,1441,2264,2379,1983,1225,1184,1500,1895,1786,2034,2116,1815,1731,1912,1941,2794,2102,2640,2762,3232,2703,3289,3457,3544,2842,3457,3214,3510,3113,4001,3498,3598,3377,3412,3648,3500,2943,3419,2908,3318,2712,3351,3503,2501,2487,2141,2136,2257,2019,2761,2267,2325,2593,2852,2687,2849,2433,2448,2287,2154,1578,2303,2485,2499,2225,2714,2476,2494,2101,2426,2246,2258,1131,2103,1929,[x],2170,2204,[x],2333,2326
3222,Child and early years officers,961,775,986,860,1061,1127,819,807,832,853,919,726,1057,900,1058,1023,1020,1160,1040,853,1022,1178,1252,737,1121,1012,1113,889,1564,1766,1468,1189,1249,1412,1475,964,1637,1545,1297,1104,1293,1519,1501,1316,1464,1670,1416,1197,1248,1349,1680,1293,1681,1844,1860,1437,1914,2045,2023,1623,2151,1800,2095,1728,2448,2359,2314,1807,2301,2366,2492,1768,2174,2028,2271,1657,2171,2439,1835,1593,1600,1558,1663,1749,2044,1638,1673,1650,1853,1891,1785,1265,1779,1598,1442,1155,1505,1504,1567,1338,1720,1835,1551,1271,1638,1502,1677,1262,1651,1743,[x],1576,1559,[x],1482,1274
3223,Housing officers,1037,886,1140,1034,980,1041,923,1051,924,858,888,635,968,878,936,835,883,988,1008,1039,1051,972,884,662,1073,872,896,884,1129,1287,1355,1168,1228,1242,1214,919,1475,1554,1326,787,770,991,1181,1190,1187,1328,1076,955,1260,1117,1684,1215,1533,1638,1849,1649,1763,1841,1918,1593,1986,1756,1989,1733,2051,1919,2024,2022,1881,1965,1976,1455,2001,1661,1742,1618,1804,1915,1596,1438,1272,1365,1369,1269,1617,1308,1330,1680,1704,1592,1541,1533,1429,1282,1327,802,1423,1458,1497,1415,1651,[x],[x],1521,1572,1522,1399,670,1508,1228,[x],1471,1392,[x],1462,1496
3224,Counsellors,592,375,422,369,547,343,306,281,336,358,354,302,482,299,344,309,379,383,326,298,327,354,314,231,360,316,341,352,498,516,474,403,403,506,517,437,553,550,439,285,337,366,384,385,500,611,443,411,425,478,644,452,553,573,664,569,597,674,703,610,676,672,651,591,767,831,819,762,651,788,784,608,748,704,691,547,713,696,495,428,444,396,450,388,486,467,397,534,578,434,506,457,399,394,433,253,396,406,450,395,516,436,445,354,390,438,380,203,402,289,[x],348,430,[x],425,390
3229,Welfare and housing associate professionals n.e.c.,3086,2628,3200,3173,3011,3248,2778,2740,2652,2754,2656,1847,2959,2630,2964,2473,2809,3227,3011,2719,2966,3214,3036,2109,3182,2690,3063,2677,4283,4339,4660,3707,3564,3961,3890,2929,4053,4389,4006,2687,2535,2974,3464,3053,4280,4065,3545,3326,3255,3326,4777,3624,4572,4782,5702,4576,5217,6394,6425,5789,5897,5593,6451,5189,6552,5980,6103,5909,6464,6787,6627,5374,6259,5810,6302,4817,5529,5628,5321,4323,4004,3977,4040,3773,5032,4136,4260,4659,4947,4736,4735,4262,4315,4201,3954,3071,4087,4005,4352,3629,4859,4277,4371,4027,4596,4274,4236,2335,4013,3630,[x],3890,4313,[x],3881,3696
3231,Higher level teaching assistants,1000,953,1097,932,1088,1310,920,817,1090,967,1168,837,1325,994,1009,860,999,1287,936,656,957,1128,1105,825,1127,965,1051,785,1534,1756,1667,1137,1325,1383,1462,1178,1412,1255,1350,968,917,1166,1077,824,1189,1491,1232,1037,947,842,1347,1148,1574,1687,1423,984,1436,1479,1570,1422,1671,1477,1837,1362,1950,2201,1913,1409,1941,1967,2179,1738,2167,1876,1934,1447,2053,2433,1633,1388,1660,1603,1881,1609,2055,1739,1772,2074,2192,2513,2427,1641,2381,2256,2162,1691,2226,2016,2118,1649,2394,2575,2077,1509,2359,1994,2058,967,1997,1536,[x],1569,2028,[x],1883,1328
3232,Early education and childcare practitioners,1628,1845,2417,2135,2306,2248,1698,1735,1791,2056,1941,1495,2460,1877,1980,1776,2087,2184,1921,1771,1901,2398,2444,1620,1942,1770,2364,1849,3200,2918,2246,1757,2025,2201,2357,1871,2732,2748,2335,1427,1108,1192,1239,1576,1757,2070,1914,1875,1779,1836,3278,2262,2844,2552,2506,2165,2586,2748,2984,2584,3183,3265,3747,3067,3694,3309,3359,3304,3418,3655,4010,3011,4173,3524,3949,3041,3382,3161,2283,2388,1919,2000,2394,2412,3837,3873,3664,5177,5412,4948,4724,4071,4702,4844,4623,3029,5029,5469,5761,4457,5685,5036,4970,4450,5640,5183,6012,2469,6290,5073,[x],5375,5423,[x],5227,4334
3240,Veterinary nurses,221,194,211,426,209,351,256,253,185,181,146,114,171,205,263,230,186,257,159,144,224,301,253,206,244,216,189,165,222,205,231,241,291,315,322,311,419,981,292,220,148,223,300,319,348,457,327,413,515,570,1121,949,1145,1021,1180,1058,1092,1404,1317,1281,1412,1260,1281,897,1317,997,1271,1416,1427,2579,2679,2181,2175,1366,1592,1053,1342,1601,830,1060,742,953,773,1015,1239,1135,1301,1112,1437,879,635,783,764,1014,658,547,1099,876,862,576,816,753,662,640,863,891,532,312,558,457,[x],495,852,489,552,1207
3311,Non-commissioned officers and other ranks,532,404,413,356,431,395,279,324,289,300,341,360,413,379,423,445,815,662,656,845,376,384,407,442,644,425,379,363,720,443,445,370,410,584,645,431,786,833,804,315,189,253,284,329,364,373,338,271,314,224,337,237,239,259,313,224,287,278,294,265,324,319,360,273,359,268,360,299,568,353,359,309,402,320,294,237,277,313,262,348,300,320,316,330,332,298,320,286,191,158,171,168,152,163,140,105,152,209,199,169,244,229,186,162,200,222,176,90,124,117,[x],155,170,172,229,204
3312,Police officers (sergeant and below),87,105,129,98,173,145,86,97,108,133,132,75,124,127,115,120,111,109,105,83,66,80,75,73,97,55,68,83,94,100,86,70,96,75,91,82,96,114,118,139,89,78,104,130,130,143,115,94,100,69,175,115,117,134,131,124,149,188,152,177,231,164,170,223,250,172,228,220,225,196,284,179,820,490,664,452,237,258,364,247,150,232,139,167,227,142,205,199,244,225,250,195,163,169,186,95,205,165,151,136,199,177,261,125,250,164,195,78,157,162,[x],142,110,[x],138,134
3313,Fire service officers (watch manager and below),235,180,237,218,245,268,223,168,196,180,228,155,236,220,190,142,169,232,195,207,180,242,225,177,290,245,254,216,363,305,324,292,284,330,327,274,350,367,331,278,165,213,257,268,277,312,258,224,216,318,403,264,322,348,431,316,360,356,379,348,467,410,532,399,498,402,534,495,428,493,578,504,522,427,705,409,474,480,375,342,288,328,305,310,373,286,333,301,389,314,329,403,274,285,342,213,412,339,321,344,421,369,367,382,354,445,391,209,384,278,[x],389,383,297,345,405
3314,Prison service officers (below principal officer),305,197,332,294,282,222,233,303,210,262,269,159,269,214,256,240,257,276,234,233,230,247,169,116,288,207,256,176,177,198,245,241,354,285,298,306,367,445,494,151,90,176,173,216,245,363,462,321,380,215,406,325,488,490,499,496,482,795,843,880,1268,1259,1088,947,1180,834,910,933,1176,1069,959,804,971,915,746,741,732,790,730,562,560,804,640,812,745,417,322,346,279,277,299,362,264,273,265,200,313,380,607,269,357,379,386,380,414,438,737,374,464,282,[x],380,343,[x],517,724
3319,Protective service associate professionals n.e.c.,1484,1228,1503,1372,1335,1382,1254,1280,1185,1448,1242,1020,1469,1409,1460,1291,1216,1264,1257,1300,1362,1288,1276,945,1453,1299,1460,1142,1524,1636,1733,1501,1381,1411,1505,1125,1649,1546,1529,934,744,828,855,958,1048,1099,1187,1220,1256,1142,1896,1438,1674,1466,1785,1460,1575,1649,1663,1532,2170,1993,2022,1687,2088,1895,2182,1983,1952,2142,2051,1725,1732,1751,1824,1434,1681,1680,1297,1155,1042,1086,1004,1030,1197,960,1040,987,1267,1107,1150,1029,1061,897,1037,743,1075,1151,1379,1114,1427,1575,1248,1196,1107,1236,1364,627,1284,1016,[x],1114,1182,1366,1213,1537
3411,Artists,187,144,206,202,179,182,138,239,197,177,215,159,233,466,400,214,192,179,188,153,164,191,203,196,288,293,309,219,322,322,296,269,213,195,228,153,201,225,179,174,167,125,105,120,137,127,119,111,101,81,227,162,197,178,193,174,349,313,255,252,281,237,228,236,289,254,241,225,241,250,225,195,251,184,207,163,247,239,173,173,190,173,140,159,222,187,195,141,194,228,202,132,185,162,132,100,149,157,132,135,202,200,139,131,187,137,145,75,155,124,[x],134,116,192,122,149
3412,"Authors, writers and translators",2309,2260,2751,3002,2689,2515,2405,2606,2501,2680,2260,2592,2549,3303,3129,2466,3650,1935,3933,1684,1749,1794,1767,2866,2211,2082,2452,3724,3032,2897,3047,2540,2233,3470,3149,1784,2259,2960,2352,1955,1443,1449,1665,1323,1497,1538,1374,1367,1626,1641,2699,1849,2293,2198,2689,2377,2496,2311,2083,1954,2769,2352,2265,1888,2431,2003,2123,2172,1890,2380,2135,1905,5110,2776,2091,2211,2740,3280,1507,1996,2652,1343,1496,3721,1352,1432,1109,1583,1548,1333,1290,1203,1063,1029,1148,871,1302,1377,1448,1126,1632,1502,1674,1521,1278,1704,1898,580,1178,1455,[x],1480,1089,[x],2239,1420
3413,"Actors, entertainers and presenters",220,276,274,283,273,273,234,351,307,329,294,241,394,523,415,356,315,281,253,228,295,355,2262,276,2327,398,366,258,408,451,387,398,393,310,512,283,372,480,381,332,324,278,243,300,396,370,254,283,242,224,511,427,533,445,436,395,613,628,581,538,653,491,561,455,678,492,592,636,543,596,498,458,501,483,507,422,511,561,327,414,334,428,312,331,384,370,319,400,402,341,377,382,415,355,295,183,263,305,365,321,436,422,315,298,500,405,389,161,264,255,[x],245,368,341,362,278
3414,Dancers and choreographers,2612,2594,2811,2354,2499,2946,1466,1227,1765,1918,2233,1476,2954,2152,2685,2196,2477,2717,1850,1347,1811,2149,2544,1481,2370,2242,2801,2167,4304,4480,3219,1821,2150,2412,2953,2104,2714,2647,2967,2797,2427,2271,1703,1273,1663,1753,1906,1782,1783,1504,2254,2038,2510,2155,1767,1074,1460,1631,2038,1827,2316,2025,2636,2160,2679,2711,2355,1590,2163,2488,2898,2341,2971,2583,2821,2172,2535,2785,1813,1635,1961,1842,2295,1953,2724,2068,2268,2416,2835,2429,2035,1458,1968,1884,1898,1407,2350,2308,2317,2071,3533,[x],[x],1363,1886,1616,1741,858,1633,1581,[x],1843,1899,[x],1021,1025
3415,Musicians,222,184,201,183,187,175,149,204,208,208,230,160,222,259,269,256,185,255,128,167,126,246,228,103,248,185,198,150,350,215,215,161,188,224,272,214,333,273,241,179,263,248,265,228,216,213,158,148,179,179,228,214,233,187,201,169,182,215,203,178,196,207,217,196,257,211,207,174,196,222,183,156,234,224,205,214,277,219,134,131,120,110,109,136,191,162,167,153,200,183,156,150,156,168,136,110,148,171,195,149,216,200,157,175,175,159,121,65,152,132,[x],131,139,129,116,[x]
3416,"Arts officers, producers and directors",1611,1340,1635,1498,1484,1547,1229,1339,1251,1296,1313,1053,1419,1467,1503,1250,1371,1464,1512,1338,1510,1526,1565,1086,1791,1478,1597,1413,1877,1808,1956,1635,1542,1698,1678,1374,1993,1912,1562,868,726,786,875,1158,1171,1091,960,884,1017,1027,1748,1410,1613,1775,1993,1737,1985,2084,2090,1871,2460,2075,2335,2022,2526,2203,2323,2228,2046,2182,1975,1698,2086,1816,1868,1614,2002,2093,1411,1456,1214,1258,1220,1070,1480,1180,1228,1446,1593,1426,1384,1319,1155,1261,1036,687,1171,1292,1344,1131,1446,1485,1353,1185,1273,1227,1305,583,1122,1000,[x],1118,1225,1151,1341,[x]
3417,"Photographers, audio-visual and broadcasting equipment operators",1518,1275,1459,1288,1553,1304,897,1097,1090,1037,1059,741,1170,1481,1509,1074,1385,1283,1497,1381,1374,1348,1387,968,1980,1283,1793,1268,2046,1767,1846,1680,1652,2181,2504,1717,2322,2889,1934,1332,1606,1017,1085,817,1462,983,712,698,905,822,1442,1615,1550,1366,1608,1547,1751,1865,1653,1565,2121,1551,1902,1448,2219,1984,1900,1847,1595,1978,1750,1465,1890,1673,2084,1508,1798,1715,1287,1349,1070,1121,1041,1158,1398,1366,1151,1578,1691,1332,1470,1002,1332,1060,902,818,1035,1127,1376,1208,1317,1390,1124,981,1108,1248,1020,606,1053,976,[x],994,1033,1262,1074,1043
3421,Interior designers,1223,1122,1288,1096,1094,1278,924,972,960,924,847,662,1110,916,1192,867,897,840,759,796,866,806,696,540,830,886,859,769,1056,1019,986,848,929,968,986,647,1020,1120,915,375,273,321,444,547,637,636,518,405,443,497,820,786,976,931,1083,968,1018,1090,987,832,1222,1084,1230,952,1249,1176,982,971,935,1010,1006,775,1003,661,735,712,942,1045,681,665,492,633,604,453,743,607,681,843,817,678,644,733,591,610,526,321,605,667,609,585,830,727,728,675,635,705,686,310,699,619,[x],807,712,[x],618,[x]
3422,"Clothing, fashion and accessories designers",565,495,569,547,477,572,424,606,544,498,511,329,545,592,524,426,412,414,389,333,368,370,366,290,468,407,368,304,483,465,429,377,331,375,369,305,387,444,445,206,103,74,120,152,189,203,149,173,141,149,272,224,233,232,293,274,296,370,337,308,355,304,360,315,412,312,360,354,321,287,261,315,311,261,238,184,264,314,200,201,149,168,174,148,251,230,145,229,262,198,219,197,197,201,168,116,191,187,182,204,217,243,271,251,220,238,227,129,217,170,[x],202,185,239,220,[x]
3429,Design occupations n.e.c.,1385,1365,1519,1409,1317,1409,994,1200,1232,1286,1234,1002,1402,1545,1484,1167,1300,1125,1188,1028,1222,1137,1135,903,1475,1459,1391,1207,1571,1641,1709,1361,1294,1428,1440,1153,1386,1636,1388,692,792,675,718,709,854,962,727,730,990,946,1582,1151,1405,1276,1454,1230,1241,1410,1260,1282,1637,1551,1610,1302,1764,1396,1323,1369,1199,1190,1211,1200,1270,1082,987,808,1111,1049,703,726,575,712,645,645,831,703,637,702,749,580,638,582,563,606,499,360,484,800,795,572,922,910,964,796,742,840,894,388,686,536,[x],678,738,963,1165,1095
3431,Sports players,182,196,216,261,362,165,160,140,128,128,111,92,160,198,188,141,291,442,461,269,184,174,211,132,295,128,161,143,243,175,205,205,164,221,219,171,216,274,163,88,66,62,107,177,115,162,133,124,139,121,228,168,218,216,248,271,307,263,237,242,342,210,326,232,292,346,337,352,315,370,262,200,320,254,187,167,223,219,204,161,178,174,140,159,247,187,158,193,187,184,178,132,143,188,158,99,174,155,183,194,270,244,221,380,175,228,199,136,180,231,[x],292,115,157,123,119
3432,"Sports coaches, instructors and officials",879,997,1419,1309,1177,1092,901,903,919,1062,900,651,1165,1362,1163,974,1147,1194,1049,1007,1161,1121,1004,726,1132,988,1048,816,1326,1354,1366,1092,1141,1233,1629,1009,1786,1783,1351,801,534,555,620,762,880,772,737,777,610,618,1110,1069,1366,1381,1453,1317,1734,1494,1572,1275,1601,1798,1686,1501,2037,1862,1929,1981,1716,1936,1866,1728,2104,1933,2075,1594,2038,1981,1259,1372,1183,991,1066,1323,1966,1531,1863,2157,2580,2391,2309,2022,2136,2013,1741,1114,2159,1862,2393,1846,2374,2301,2189,2012,2414,2026,1872,916,2115,1795,[x],2010,2241,1693,1556,1657
3433,Fitness and wellbeing instructors,3712,2343,3138,2867,3211,1835,2250,1805,1867,1938,1548,1107,1862,1526,1986,1703,1744,1781,1850,1837,2047,1889,1907,1330,1997,1915,2210,2091,3416,4015,2836,2992,2668,2554,3212,2094,3317,2747,2829,2249,1398,1476,1706,1672,1792,1717,5548,1544,3318,810,3255,2889,6187,3337,2454,1706,1747,1538,1605,3203,1997,1389,1767,1471,1717,1747,1936,1750,1912,1878,1837,1559,1995,1346,1909,1314,1724,1466,1228,1002,1085,1159,1070,867,1222,902,1020,1249,1522,1121,1473,1263,1243,1078,1151,776,1264,1347,1351,1396,1625,1261,1251,1675,1606,1675,1476,792,2409,1408,[x],1983,2015,[x],1470,1405
3511,Aircraft pilots and air traffic controllers,303,97,208,72,117,110,92,94,88,90,114,67,111,87,103,101,109,174,91,131,113,81,79,65,121,94,129,76,123,109,132,81,104,87,100,70,91,116,83,54,69,97,59,43,70,82,65,67,51,57,83,69,63,88,93,82,88,95,100,105,91,99,131,103,140,146,153,163,146,136,124,99,126,127,116,79,90,118,69,64,52,73,73,92,108,80,65,74,72,87,98,76,67,71,63,48,75,90,104,92,82,86,64,62,80,86,79,32,70,68,[x],56,126,88,73,90
3512,Ship and hovercraft officers,237,194,251,271,248,260,210,254,249,215,236,154,303,321,360,221,278,250,352,264,303,276,231,192,308,255,252,233,323,293,349,311,277,331,247,177,279,326,284,162,168,133,150,145,199,199,167,172,217,175,371,305,279,259,378,250,266,269,288,316,354,352,360,339,412,316,342,360,329,364,394,313,361,335,299,362,318,351,231,212,184,209,180,212,291,201,203,222,228,226,201,170,192,160,169,123,204,170,197,274,271,284,236,135,173,208,223,105,237,176,[x],176,178,[x],221,265
3520,Legal associate professionals,2352,1790,2099,1822,2100,2384,1784,1919,1808,1967,1936,1705,2527,2244,2454,2262,2243,2184,2246,2104,2108,2290,2295,1681,2680,2353,2462,1897,2909,2947,3179,2499,2332,2335,2256,1770,2509,2658,2563,1337,716,768,1109,1142,1472,1716,1721,1473,2065,1868,2967,2284,2505,2252,2395,2178,2148,2243,2348,2094,2631,2158,2501,2235,2568,2469,2567,2555,2354,2424,2360,1871,2224,2035,1944,1698,1859,2031,1557,1427,1169,1485,1200,1192,1670,1302,1213,1479,1712,1465,1540,1542,1476,1559,1499,992,1655,1983,1965,1597,2125,2024,1895,1825,1728,1703,1638,762,1511,1370,[x],1335,1618,1548,1413,1927
3531,Brokers,1469,1119,1555,1157,1178,1443,1085,1141,1086,1314,1059,1010,1638,1379,1344,1285,1406,1272,1298,1164,1306,1193,1349,809,1164,1172,1174,948,1670,1693,1672,1464,1363,1517,1332,952,1261,1327,1318,803,689,770,693,760,1207,1223,743,959,1064,999,1507,1175,1532,1187,1280,1218,1387,1165,1121,1113,1446,1201,1369,1108,1418,1296,1227,1139,1186,1237,1152,941,1320,1246,1522,866,1221,1067,779,807,646,730,605,648,946,642,536,659,819,589,592,580,529,570,476,534,561,606,637,662,734,683,1124,924,947,862,1351,459,689,508,[x],1629,639,811,[x],[x]
3532,Insurance underwriters,1167,853,1014,915,958,1230,930,872,855,1023,780,776,1226,906,946,896,1143,979,1027,1021,966,887,1135,644,1075,1135,1139,891,1458,1515,1409,1133,879,856,905,648,953,922,917,504,360,346,411,384,462,501,518,520,659,598,1072,725,1136,965,1208,1056,891,920,903,899,1110,1039,1091,1000,1305,962,993,903,805,895,952,712,956,950,769,835,1069,904,652,549,496,606,603,576,825,565,497,628,583,497,555,455,495,489,494,305,549,517,606,423,678,697,557,586,694,710,588,338,645,[x],[x],393,413,435,463,511
3533,Financial and accounting technicians,4955,3782,4366,3660,3801,5100,3678,3859,3864,4447,3742,3500,5030,3914,4399,4267,4150,4334,3843,3478,3850,3707,4005,2936,4326,4315,4745,3523,5799,5977,5637,4639,3848,4038,4168,3272,4588,4405,4497,2432,1669,1932,2208,2071,2255,2648,2807,2296,3256,2926,4257,3318,4145,3486,3759,3425,3535,3272,3120,3628,4413,4196,4100,3253,4257,3562,3470,3421,3742,3877,3628,3241,3887,3450,3503,3214,3364,3342,2828,2397,2335,2700,2594,2326,3109,2199,1849,2660,2153,2049,2176,1860,1977,1731,1900,1279,2042,1951,1956,1661,2029,[x],[x],1998,1904,2139,1832,1291,2074,[x],[x],1664,1709,2066,1699,1988
3534,Financial accounts managers,6331,4709,5683,4992,5022,6077,4798,4891,4888,5247,4843,3814,6255,4881,5106,4879,5410,5235,4671,4605,4618,4755,5122,3302,5424,5181,5679,4305,6454,6791,6676,5380,4918,5050,5048,3851,5574,5655,5237,2610,1865,1969,2283,2194,2553,3184,2881,2564,3339,3262,4902,3866,4631,4563,4952,5067,4792,4744,4331,4650,5484,5283,5445,4394,5894,5147,5283,4645,4815,5398,4961,3980,4861,4259,4425,3949,4222,4348,3353,2915,2551,2883,2938,2692,3261,2539,2224,2938,2650,2385,2373,2261,2274,2013,2254,1563,2338,2443,2595,2158,2941,2995,2446,2544,2669,2664,2495,1655,2714,2027,[x],2139,2330,2484,2231,2765
3541,"Estimators, valuers and assessors",4511,3512,4343,3959,3907,4290,3064,3378,3291,3043,3341,2589,3961,3244,3623,3127,3326,3277,2931,3015,3319,3517,3477,2606,4109,3506,3554,3185,4266,4292,4261,3812,3766,4184,4231,3318,4154,4486,4100,2299,1613,2184,2663,3116,3247,3667,3266,2953,3760,3703,5315,4347,5433,4771,5276,4223,4222,3942,3674,3398,4489,3886,4059,3426,4735,4214,4123,4136,3986,4141,4283,3363,4213,3853,3921,3283,3860,4217,3248,3071,2612,2748,2927,2483,3574,2989,3006,3262,3490,2942,3265,2850,2955,2617,2574,1688,2875,4024,3119,2708,3700,[x],[x],3430,3790,3932,3761,2024,3500,2728,[x],2835,3027,2922,4155,4601
3542,Importers and exporters,234,239,274,254,216,272,183,221,182,157,183,144,230,201,200,186,191,222,165,179,188,198,174,158,287,237,264,182,242,256,228,213,194,210,184,161,211,198,152,92,69,73,100,120,189,279,315,297,379,381,619,358,362,323,390,322,314,317,326,304,399,393,398,293,352,365,296,288,285,336,295,202,277,243,209,179,209,225,203,135,129,176,125,140,189,178,153,194,188,150,167,138,169,150,165,89,121,178,153,127,178,144,171,184,157,151,152,82,137,111,[x],139,114,136,147,[x]
3543,Project support officers,3309,2982,3387,3144,3120,3051,2474,2533,2404,2437,2453,1766,2583,2403,2717,2400,2572,2626,2500,2422,2507,2523,2573,1898,2830,2499,2694,2383,3139,2969,3261,2913,2700,2882,2659,2156,2918,3369,3256,1407,1108,1409,1450,2061,1712,2003,1955,1816,1920,1989,4868,2228,3108,2974,3276,3045,3364,3543,3773,3367,4067,3846,4074,3247,3882,3532,3905,3739,3359,3726,3540,2594,3016,2804,2886,2329,2754,2789,2278,2016,1780,1610,1606,1599,2053,1684,1726,2044,1978,1743,1832,1715,1660,1560,1327,843,1360,1581,1561,1287,1828,1591,1664,1615,1511,1621,1700,777,1601,1293,[x],1347,1552,1492,1513,1842
3544,Data analysts,3682,3053,3529,3324,3477,3599,2916,3048,2784,3114,3038,2172,3269,3035,3319,3019,3262,3110,3142,2846,2863,2798,2911,2084,3071,3139,3494,2762,3983,4553,4491,3594,3320,3559,3516,2573,3772,3842,3501,1823,1251,1423,1545,1660,1961,2150,1982,2097,2580,2481,3735,2853,3499,3485,4166,3769,3858,3851,3704,3699,4510,4376,4532,3704,4566,4187,4127,4069,3843,3974,3748,3048,3606,3358,3261,2462,2962,2965,2289,2084,1614,1741,1699,1558,1952,1643,1457,1538,1664,1444,1566,1449,1355,1261,1274,913,1394,1625,1733,1326,2006,2094,1757,1831,1692,1606,2005,808,1674,1321,[x],1334,1505,1798,1708,1800
3549,Business associate professionals n.e.c.,3953,3364,3738,3338,3437,3495,3110,3266,3086,3330,3323,2591,3620,3409,3418,3109,3503,3552,3227,3123,3360,3486,3537,2418,3891,3369,3583,3172,4288,5101,4769,3889,3831,3958,3798,3044,4291,4684,4105,2154,1850,2042,2164,2141,2594,2815,2438,2405,2960,2981,5011,3631,4582,4444,5145,4424,4520,4943,4946,4330,5547,5713,5855,5106,6679,5658,5470,5168,4924,5095,5059,4296,4798,4670,4366,3516,4647,4439,3074,3217,2450,2918,2749,2657,3550,2912,2812,2873,3063,2775,2764,2590,2470,2544,2472,1786,2398,3039,3263,2825,3502,3562,3414,2922,2898,3261,4402,1681,2763,2401,[x],2595,3117,3872,3517,3869
3551,Buyers and procurement officers,4028,3416,3695,3135,3363,3735,3007,3167,2864,2768,2792,2104,3774,3318,3299,3118,3166,3100,3149,2905,3258,3386,3504,2191,3456,3448,3401,2675,4232,4596,4636,3844,3882,3895,3686,2585,3628,3922,3587,2090,1718,1963,2011,2166,2671,3103,3065,3104,3071,2674,4269,3515,3985,3619,4205,3627,3882,4584,4437,4090,5426,5017,5176,4463,5211,4877,5177,5283,5135,5306,4979,3883,4752,4273,4183,3309,3763,4185,3010,3037,2837,4659,3048,2613,3710,3013,2755,3097,2915,2532,2921,2776,2740,2674,2279,1703,2836,2970,2845,2358,3178,[x],[x],2844,3117,2926,2908,1445,2461,2062,[x],2495,2267,[x],2461,2950
3552,Business sales executives,25244,20404,24380,20662,23493,25660,17786,19613,18502,18167,17307,14060,19966,17010,18155,15876,17433,18117,15877,17137,18032,17587,17531,11988,19018,16411,17136,15337,20080,20530,21430,17355,17696,17618,17271,13857,18567,21463,17930,9055,5164,6216,7565,8550,9482,11208,9609,8841,9391,9518,17578,13315,16681,15951,17730,16208,17140,16535,15603,13906,19305,16839,18325,14622,19358,16888,16890,17186,14972,15552,14788,12881,15628,14539,12956,11735,13827,14194,10931,10733,8444,9235,8956,8035,11166,9139,8982,10765,11600,9598,10498,9871,9197,9328,8223,5211,10048,11492,11561,10158,12836,[x],[x],10828,10165,13858,11688,6230,11535,8815,[x],10062,10489,11799,10328,10277
3553,Merchandisers,1805,1348,1863,1568,1782,2316,1825,2098,1883,2635,2082,1347,2097,1780,1528,1214,1280,1510,1356,1460,1566,1249,1317,770,1305,1016,1318,891,1533,1815,1654,1132,1288,1219,1137,802,1037,1150,1325,627,567,635,625,786,1073,1340,1087,980,1017,937,1633,989,1318,1481,1664,1464,1571,1820,1984,1818,1950,1611,1801,1463,2016,1757,2042,1963,1842,1678,1345,1389,1459,1309,1200,988,1178,1574,1275,1113,1398,1210,1156,1109,1447,1202,939,1046,1358,1255,1380,1527,1306,1312,1001,651,1028,894,976,846,1061,995,1149,986,1430,1293,1121,461,1243,824,[x],983,1002,[x],1164,1129
3554,Advertising and marketing associate professionals,12449,10862,12497,10868,11016,12623,9507,9281,9205,9687,9394,7501,11920,10387,10933,10154,10357,10398,10409,9863,10247,9872,9780,6332,10777,10799,11309,9329,13794,14878,14906,11059,10007,10462,10336,8613,11725,12977,10689,4525,3071,3744,4181,4584,6035,6162,5511,5895,6597,6057,11053,7897,10118,10031,11135,10299,13388,12566,11632,10622,13181,12380,12551,10189,12409,11376,11476,10022,9437,10059,9469,8020,9612,11617,8481,6958,8713,8170,8044,6435,4824,5141,4825,4286,6317,5193,4731,5741,5870,5290,5225,4959,5323,4714,4182,2799,4464,5304,5146,4479,6316,5561,5057,4862,4843,5465,5357,2477,4823,3740,[x],3916,4674,5573,5336,4922
3555,Estate agents and auctioneers,3769,2814,3877,3448,2985,3225,2474,2555,2383,2102,2079,1741,2516,2088,2642,2045,2464,2470,2235,2517,2650,2643,2394,1771,2673,2033,2190,2186,2588,3133,2785,2632,2397,2741,2231,2147,2708,3214,2830,1501,802,1086,1628,1688,1864,2002,1669,1521,1875,1741,3268,2289,3051,2754,2759,2672,2930,2614,2411,2103,3179,2824,2970,2354,3199,2718,2553,2572,2419,2285,2105,1704,2423,2278,2340,2203,2418,2544,1937,1708,1597,1598,1483,1351,2217,1630,1591,2073,2117,1717,1940,1824,1734,1757,1437,986,1647,1917,1859,2751,3346,2767,1918,2131,2228,2139,1838,934,1850,1472,[x],1355,1621,2579,2694,1787
3556,Sales accounts and business development managers,32336,26465,30715,25110,27860,32466,22753,22355,20682,20742,20204,16559,25060,20552,22444,19937,20892,21336,19570,19882,20528,20372,20253,13956,22768,20900,21436,19481,25747,27704,26907,21559,22363,22579,22435,17564,24489,26917,24139,11672,7831,8888,10517,10318,11717,14927,13502,12809,14104,13918,22223,16643,18786,19566,22562,20224,20352,20361,19765,18312,24130,22707,23610,18955,25081,22403,22678,21557,19211,19578,19598,16795,19939,17663,16358,15140,17845,18197,13584,13308,10815,11652,12305,10750,14833,12107,10792,12704,13305,11634,12050,10967,11041,10403,9794,6481,10871,13825,14131,11810,15601,[x],[x],11987,11776,14528,14361,7229,13308,10153,[x],11263,12604,17673,12877,12837
3557,Events managers and organisers,3281,2892,3411,2914,3302,3266,2496,2486,2335,2319,2127,1639,2697,2422,2721,2156,2258,2984,2574,2205,2515,2476,2421,1582,2591,2558,2705,2472,2996,2921,2866,2598,2410,2405,2527,1781,2616,3092,2455,832,992,877,1398,965,1842,2273,1294,884,1543,2312,2708,1626,2398,2539,3808,3152,2905,3069,2998,2414,3420,3449,3697,3020,3782,3256,3594,3085,3015,3166,2512,2467,2886,2534,2904,2200,2895,2580,1764,1931,1486,1525,1457,1287,1847,1653,1645,1922,1982,1790,1878,2170,1655,1702,1377,817,1560,1756,1935,1736,2327,1911,1859,1647,1604,1906,1652,802,1759,1586,[x],1493,1620,1530,2192,2078
3560,Public services associate professionals,1509,1189,1532,1264,1321,1408,1160,1180,1151,1275,1196,876,1420,1309,1346,1197,1322,1363,1242,1158,1258,1360,1285,845,1348,1322,1284,1221,1652,1672,1895,1494,1400,1732,1623,1320,1655,1655,1437,916,747,849,990,1018,1140,1277,1234,1073,1302,1119,1746,1298,1665,1626,1802,1687,1766,1842,1857,1775,2362,2015,2315,1748,2339,2019,2135,2050,1897,1877,1882,1545,1868,1661,1625,1380,2289,1882,1323,1253,1026,1213,1153,1007,1391,1240,1144,1193,1334,1249,1199,1154,1050,1174,993,734,1047,1138,1184,1115,1243,1167,1266,1037,1098,1168,1121,552,1193,1067,[x],1130,1210,1282,1254,1177
3571,Human resources and industrial relations officers,21732,15333,18723,15520,16541,15619,13393,14430,13523,14010,14322,11077,17135,12697,13784,11887,13981,14520,13657,14039,13964,13814,13371,9816,14350,12024,12051,11739,14654,15316,16201,13382,13137,16102,13342,11260,14787,16684,13814,6479,3595,4351,4991,5607,6541,7653,7709,7925,8284,8945,14495,12048,13223,14067,16149,13868,14733,15376,15197,13574,18199,15867,17011,13885,17724,15713,14891,14751,13984,14054,12343,10418,12380,11982,12831,9799,11048,11607,9176,8047,7140,7322,6986,6227,8488,6971,6161,7532,7435,6242,6745,6227,6217,5379,4983,3679,5622,6672,6407,5868,7310,6466,6557,6307,6241,6565,6271,3771,6055,5028,[x],5641,6126,6922,6672,6888
3572,Careers advisers and vocational guidance specialists,1958,1727,2000,1674,1926,1943,1483,1664,1602,1547,1608,1252,2108,2281,1936,1722,1978,2003,1800,1593,1896,2002,2125,1546,2106,1898,2107,1677,2717,2857,2850,2305,2333,2701,2506,1899,2382,2446,2301,1400,1136,1155,1337,1425,1672,1880,1655,1528,1911,1651,2651,1875,2422,2121,2250,1930,2073,2264,2162,1851,2229,2012,2491,1873,2438,2238,2365,1955,2089,2090,2107,1868,2117,2107,2107,1790,2392,2208,1863,1480,1678,1669,1548,1594,1678,1468,1537,1760,1866,1695,1809,1676,1628,1476,1272,888,1504,1595,1723,1646,2331,1977,1977,1643,1745,1623,1622,891,1568,1359,[x],1733,1782,[x],1767,2114
3573,Information technology trainers,737,681,743,650,669,1104,544,1483,1141,615,558,530,721,856,624,780,572,589,580,514,603,715,573,426,623,652,789,776,2183,1446,1232,1007,806,862,1090,709,975,887,816,577,511,612,708,762,807,918,1117,796,853,714,1203,853,1878,3136,2112,1467,1020,1186,1264,1222,1470,1285,1379,1159,1392,1443,1540,1484,1583,1399,1597,1493,5379,2380,2500,1033,2770,1880,1324,896,1059,1277,1541,1273,1318,1149,1212,1347,1352,1208,1416,1235,1473,1301,1231,1004,1307,1317,1407,1367,1737,1478,1541,1433,1465,1544,1361,[x],1446,1146,[x],1317,1257,[x],1810,1752
3574,Other vocational and industrial trainers,11350,10495,11832,10665,11337,14459,8752,8045,8082,8263,8593,6040,9901,8691,9744,9053,10547,10638,8788,8124,9637,8882,7994,5936,8597,8241,10380,8702,12959,12990,11432,8350,8906,9252,9629,7538,9954,11192,9085,5953,5123,5049,5016,4621,5771,5858,5573,5740,6538,6669,10419,8550,10360,9603,10180,8781,9211,10181,10882,9334,11746,12323,13418,11824,16081,13060,11438,11156,10115,11108,11100,8722,11174,9538,9918,8544,10851,10569,6849,6540,6235,6432,6708,5771,8330,7236,7591,7860,9137,7831,7214,5345,5904,6342,5692,3810,6254,6827,7439,6718,8932,7109,6854,5361,6407,6669,6760,3272,6645,5662,[x],6723,7172,[x],7024,4743
3581,Inspectors of standards and regulations,789,689,798,809,775,799,617,620,618,619,622,522,856,695,774,633,707,673,627,544,625,686,657,453,727,752,756,644,989,932,802,712,733,753,716,546,799,899,890,547,521,485,535,494,660,737,674,594,684,692,1039,845,1059,930,1085,835,840,887,870,695,1109,972,1071,888,1289,888,936,861,975,964,978,794,1055,865,940,757,955,881,549,544,562,623,634,569,777,770,732,662,775,709,677,584,655,735,623,474,713,783,918,807,897,[x],[x],783,891,1080,712,344,781,669,[x],744,814,[x],739,757
3582,Health and safety managers and officers,3180,2646,3403,2993,3028,3045,2468,2399,2421,2390,2732,1824,2552,2403,2522,2306,2358,2203,2197,2202,2369,2448,2254,1843,2995,2433,2598,2355,3304,3285,3516,3076,3004,3811,3423,2464,3364,3718,3410,2262,1493,1954,2023,2120,2398,2858,2659,2315,2837,2694,3715,2949,3707,3390,3915,3414,3381,3869,3359,3052,4124,3524,3750,3306,4293,3588,4356,4522,4007,4292,4213,3433,3847,3488,3381,3001,3579,3932,2825,2737,2409,2828,2807,2522,3351,2674,2641,3014,3133,3025,3018,3011,2901,2651,2606,1689,2836,3569,3179,2676,3503,[x],[x],3197,3014,3456,3393,1698,3201,2721,[x],2803,2952,2892,3005,3169
4111,National government administrative occupations,698,683,829,767,752,683,629,634,594,759,597,425,756,651,711,625,641,713,684,547,812,747,721,443,775,598,635,623,762,848,838,621,716,739,812,706,779,791,620,377,329,411,484,463,612,661,550,511,541,625,1059,670,909,866,956,805,938,1015,977,845,1149,933,1107,874,1133,999,1052,949,992,1028,998,782,1003,969,957,624,779,744,602,549,605,578,541,504,596,506,581,573,838,511,554,612,526,648,505,372,513,578,476,431,501,541,518,552,518,573,510,390,477,457,[x],499,536,[x],523,529
4112,Local government administrative occupations,457,352,494,547,472,435,339,422,459,417,439,338,508,509,421,348,460,446,490,453,440,419,471,293,517,469,504,335,495,641,685,637,641,663,567,395,546,592,449,208,198,244,283,295,325,344,283,280,341,381,494,415,500,482,549,553,599,601,592,516,770,602,682,630,707,624,711,651,671,707,710,525,716,619,592,488,583,575,517,424,365,364,399,344,560,497,435,487,530,433,487,433,334,378,365,241,346,378,365,379,464,421,461,425,446,473,402,246,434,409,[x],435,548,[x],6884,[x]
4113,Officers of non-governmental organisations,939,678,878,684,754,952,686,590,737,592,536,450,777,754,657,559,639,673,574,529,611,656,519,415,699,580,584,491,758,771,665,639,604,664,581,479,821,890,657,315,281,269,374,323,383,459,351,347,364,358,528,437,634,686,653,574,761,757,777,577,901,832,770,654,907,727,730,660,788,745,663,602,727,708,691,524,763,623,470,476,405,391,405,427,532,468,453,468,504,469,412,357,461,457,356,257,383,467,541,382,481,431,451,375,428,458,414,221,479,408,[x],367,432,[x],358,383
4121,Credit controllers,3181,2483,3375,2643,2404,3578,2491,2658,2654,2830,2914,1985,3527,2703,3020,2800,3031,3124,2919,2974,2708,2787,2983,1809,3203,3280,3275,2447,3976,4657,4381,3280,2844,2838,2692,2055,2879,2847,2422,1110,651,756,790,827,1065,1092,1026,936,1188,1230,1833,1450,1823,1901,2027,1979,2377,2256,2108,2456,2693,2740,3064,2294,2966,2520,2638,2389,2518,2607,2479,1797,2513,2192,2364,1825,1880,2010,1580,1534,1301,1363,1275,1019,1485,1271,1112,1304,1288,1110,1227,995,1023,1023,924,601,1021,968,1100,805,1088,[x],[x],1023,1044,1069,881,583,1042,[x],[x],830,950,865,840,1059
4122,"Book-keepers, payroll managers and wages clerks",25606,21019,26965,21846,22044,30109,22275,22960,22581,22871,22149,16090,27219,22044,24434,22946,24596,25188,23259,23064,22038,22208,23163,15017,25400,25357,27223,20198,31869,35686,34246,28733,22072,23140,23244,17779,23615,24177,20033,10181,6673,8067,9058,8961,9989,11461,11616,11945,12737,13193,20136,15570,20467,19966,21541,19738,24082,21769,20784,21924,25876,25562,26806,21072,27240,24067,24674,21950,22409,23193,22459,17227,21836,20382,20249,16814,17307,18554,14994,13339,11499,12660,12160,9628,14257,11454,9808,12449,12732,10984,11004,9764,9652,9569,9025,5748,9690,9810,10234,8139,10299,[x],[x],9799,9841,9647,8749,5249,9737,7712,[x],8613,9150,9586,8941,8835
4123,Bank and post office clerks,2687,2116,2597,2325,2373,2620,2348,2519,3107,2801,2110,1594,2808,2394,2690,2250,2504,2547,2337,2460,2728,2961,2456,1564,2300,1858,2156,1770,2612,2565,2442,2178,2282,2711,2611,1830,2353,2693,2328,1135,881,985,1178,1384,1492,1933,1548,1366,1278,1148,2179,2078,3022,2758,3415,2762,3537,3276,3402,2712,4038,3048,3337,2730,3376,3016,3244,3311,3144,3533,3078,2552,2814,2064,2121,2038,2578,2666,2018,1892,1679,1563,1247,1066,1574,1408,1403,1722,2088,1763,1882,1812,1787,1745,1518,884,1390,1653,1757,1801,2420,1881,1972,1870,2301,2148,2043,1226,2905,2567,[x],2405,2693,2660,3125,3341
4124,Finance officers,454,352,495,362,410,505,393,424,427,420,373,307,478,484,438,399,576,526,473,419,437,496,498,313,510,504,516,415,535,665,737,502,463,477,483,336,524,505,325,180,144,210,249,203,256,248,259,232,284,216,447,330,445,452,546,463,602,510,604,573,653,642,646,529,678,667,625,597,572,612,603,462,545,472,583,452,475,591,378,358,319,337,379,301,385,340,348,391,377,356,378,310,369,307,321,200,413,348,329,248,313,318,289,264,342,332,317,170,303,266,[x],271,273,258,324,252
4129,Financial administrative occupations n.e.c.,7894,6168,8046,6688,6875,7990,6047,6640,6641,6492,5897,4692,7721,6650,6916,6484,7226,7283,6637,6736,6805,6686,6616,4285,7202,6729,7257,7197,8707,8868,9306,7588,6561,6811,6792,5126,7173,7569,6089,2817,1854,2343,2673,2666,3321,3391,3352,3229,3785,3712,6256,4521,5830,6073,7147,6496,7786,7678,7454,7309,8815,8395,9188,7121,9210,8324,8929,8255,8214,8394,7782,5964,7442,6911,6794,5816,6522,6749,4966,4954,3987,4395,4745,4317,5011,4519,3668,4530,4825,4320,4338,3894,4127,3823,3848,2394,3770,4183,3883,3438,4377,4286,3995,4126,4185,4506,3889,2116,3906,3172,[x],3312,3674,3672,3530,3507
4131,Records clerks and assistants,12778,10251,12581,10446,10659,11228,9357,9702,9277,9254,9009,6643,10455,8947,10129,8863,9670,9764,9329,9581,10443,10456,9940,6969,11340,9741,10550,9215,12162,11817,13067,13488,10753,11097,9801,7704,10945,11740,8841,4611,2978,3856,4706,4992,5863,6658,6520,5774,7348,7195,11317,8418,10529,10759,12325,11522,13160,13582,13316,11848,15197,14194,16384,13087,15971,14341,16588,15982,15351,15357,14541,11553,13293,12261,13845,10666,12161,12855,9604,9233,7933,7932,7823,6693,9459,8008,8168,9222,9685,8253,8773,7901,7766,7307,6496,4480,6989,7522,7353,6290,8126,7372,7564,7167,7145,7181,7587,3788,6524,5973,[x],6312,6627,8889,8034,7857
4132,Pensions and insurance clerks and assistants,2787,2053,2577,2092,1955,2537,1806,2037,1895,2146,2083,1784,2913,2191,2401,2045,2524,2242,2145,2185,2386,2026,2286,1373,2418,2346,2444,1836,2822,3008,2979,2281,1923,2146,2041,1615,2161,2075,1900,1010,585,683,787,916,929,1462,1175,996,1329,1289,2006,1362,1884,1861,1967,1795,1999,1947,1895,1855,2638,2079,2266,2077,2559,2205,2372,2261,2262,2153,2153,1636,2063,2037,1808,1579,1788,1919,1479,1280,1115,1319,1182,1230,1589,1297,1125,1377,1395,1125,1069,1035,986,882,902,591,995,1104,1169,1025,1109,1102,1027,1097,972,1248,1012,811,1237,716,[x],779,937,996,853,1155
4133,Stock control clerks and assistants,3726,3170,3737,3274,3560,3886,3109,3113,3118,3178,2983,2305,3606,2903,2797,2798,3089,3205,3476,3416,3863,3804,3433,2229,3269,2622,3075,2610,4173,3889,3636,3365,3087,3386,3252,2333,3067,3458,3174,1596,1429,1508,1743,1899,2466,2585,2159,2026,2349,2277,3989,3155,3778,3901,4510,4072,4626,5022,4526,3779,5398,4485,4867,4348,5124,4764,5373,4994,4836,5129,4570,3352,4076,3722,3620,3142,3635,4079,2844,2633,2351,2215,2319,2056,2916,2437,2445,2798,2955,2690,2826,2529,2675,2459,2056,1337,2249,2208,2340,1988,2373,2226,2329,2318,2486,2422,2298,1067,2302,2232,[x],2000,2175,2267,2325,2256
4134,Transport and distribution clerks and assistants,2622,2467,2957,2468,2700,2817,2146,2133,2143,1907,1969,1345,2282,1849,2074,1960,2325,2531,2482,2662,2335,2362,2033,1483,2417,1946,2150,1817,2333,2345,2444,2157,2065,2219,1971,1464,2164,2280,1697,974,754,1048,1267,1077,1454,1718,1657,1511,1811,1956,3643,2358,2679,2880,3252,2946,3126,3341,3160,2817,3764,3535,3671,3016,3781,3491,3736,3669,3444,3515,3191,2491,2796,2601,2716,2164,2566,2822,1875,1949,1599,1626,1642,1490,2119,1719,1711,2031,2087,1976,2036,1784,1894,1665,1379,948,1687,1812,1832,1677,2101,1887,2099,1902,1829,1871,1787,900,1756,1543,[x],1729,1953,2059,2230,1943
4135,Library clerks and assistants,244,243,305,238,271,266,205,247,257,229,218,129,279,251,246,189,230,307,222,231,229,222,243,157,271,193,211,219,248,273,245,249,252,236,212,120,256,227,165,77,56,54,80,124,166,137,131,116,85,104,215,119,275,297,389,340,441,458,421,327,465,363,337,301,353,415,357,380,416,364,346,212,328,274,276,236,310,320,243,252,232,172,158,131,189,161,222,198,243,222,205,218,208,195,150,81,166,151,174,164,176,198,192,180,189,151,160,59,173,125,[x],154,181,[x],[x],149
4136,Human resources administrative occupations,2741,2072,2533,2242,2209,2245,1985,2066,1970,1903,1953,1353,2157,1919,2045,1850,2351,2440,2263,2331,2342,2215,1889,1436,2157,1844,2046,1826,2263,2284,2519,2084,2040,2865,2002,1476,2109,2242,1588,607,436,551,746,868,1006,1156,1073,1066,1226,1275,2518,1664,2027,2344,2901,2644,3382,3478,3254,2958,3746,3523,3760,2989,3449,3301,3964,3623,3058,3311,2802,2167,2593,2350,2375,2018,2321,2204,1866,1679,1317,1313,1255,1076,1590,1371,1177,1369,1424,1309,1305,1208,1255,1150,1013,650,962,1173,1138,900,1218,1092,1118,1144,1220,1241,1010,568,1065,837,[x],850,1068,996,1191,1488
4141,Office managers,2737,2148,2547,2082,2147,2189,1880,2026,1982,1973,1967,1479,2248,2014,2143,1783,1823,1994,1946,1757,1928,1912,1986,1339,2098,1957,1991,1697,2286,2323,2372,2073,1938,2157,2023,1651,2146,2486,1796,982,780,895,1164,1124,1286,1358,1154,1192,1269,1371,2170,1663,1972,2189,2388,2233,2446,2452,2462,2133,2685,2580,2843,2286,3035,2646,2797,2387,2382,2542,2527,1921,2382,2106,2119,1846,2225,2334,1714,1557,1279,1382,1241,1252,1758,1465,1460,1672,1702,1492,1660,1411,1489,1472,1379,907,1384,1529,1628,1165,1545,1576,1463,1300,1414,1380,1324,754,1346,1091,[x],1183,1365,[x],1255,1347
4142,Office supervisors,3877,3127,4639,3271,3649,4120,3318,3124,3131,3176,3031,2355,3762,3221,3531,3217,3352,3503,3412,3457,3441,3730,3348,2443,3773,3264,3704,3122,4246,4436,4691,3777,3612,3854,3772,2647,3818,4342,3377,1664,1190,1371,1761,1855,2183,2361,2709,2035,2602,2272,3652,2845,3648,3771,4557,4169,4834,4685,4535,4200,5235,4838,5770,4914,5892,5499,5650,5555,5322,6021,5249,4287,4970,5003,4664,4271,4658,4872,3656,3655,3217,3364,3066,2603,3699,3204,3007,3748,3749,3385,3605,3322,3301,3063,2678,1853,3227,3105,3082,2674,3178,3129,3017,3120,3131,3072,3031,1546,3018,2664,[x],2969,3054,[x],3161,3528
4143,Customer service managers,5042,3456,4475,3501,3808,3493,3041,3123,3178,3448,3467,2454,3981,3314,2974,2610,2817,2754,2629,2941,2958,2679,2656,1840,2771,2374,2430,2055,2696,2788,3225,2520,2609,2833,2589,2021,2690,3424,2766,1618,1157,1386,1690,1602,2102,2056,1666,1626,1888,1721,3061,2140,2590,2615,3062,3059,3253,3296,3105,2780,3734,2924,3287,2754,3447,3194,3340,2995,2800,2944,2785,2404,2766,2590,2470,2178,2641,2663,1720,1777,1295,1350,1348,1278,1794,1435,1277,1674,1883,1636,1714,1673,1673,1614,1351,881,1304,2002,2001,1413,2290,1590,1521,1424,1356,1768,1463,765,1534,1175,[x],1259,1393,[x],1375,1364
4151,Sales administrators,5037,3695,4829,4176,4038,3748,3054,3377,2926,2866,3396,2098,3352,2721,3150,2709,3054,3201,2948,3203,3251,3150,3222,1990,3402,2918,3151,2745,3586,3449,3656,3060,3066,3174,2935,2164,3325,3645,2569,1075,724,895,1244,1354,1481,1659,1431,1589,1587,1779,3198,2682,3293,3249,3719,3378,4235,4376,4143,3371,6039,4180,4374,3728,4580,4128,4782,4784,4224,4092,4033,2746,3365,3265,3260,2735,3075,3334,2411,2165,1750,1840,1731,1462,2169,1893,2018,2305,2519,2095,2144,1943,1862,1709,1517,871,1601,1887,1781,1554,1806,[x],[x],1792,1661,1724,1723,792,1832,1457,[x],1465,1633,1463,1506,1473
4152,Data entry administrators,1673,1312,1739,1444,1382,1435,1326,1645,1339,1273,1264,857,1434,1534,1201,1075,1478,1114,1079,1112,1435,1203,1066,762,1324,1181,1355,1044,1471,1510,1544,1288,1283,1370,1145,862,1200,1317,1063,633,499,513,633,606,768,876,810,756,837,760,1396,963,1140,1278,1407,1369,1625,1576,1651,1504,2052,1525,1778,1469,1746,1652,1790,1599,1530,1539,1492,1217,1310,1257,1159,1023,1730,1368,947,964,1180,986,794,523,854,687,635,736,728,741,770,657,568,615,589,398,545,626,680,597,727,561,618,509,638,659,545,323,543,428,[x],437,573,574,617,538
4159,Other administrative occupations n.e.c.,18234,15511,18836,16227,16814,18360,14396,14880,14676,13788,13844,9927,15643,13256,14584,12824,14016,15039,14544,14603,16772,15675,14458,9689,15410,13653,15012,13154,17471,16900,18645,15521,15186,15725,13860,10706,16140,17004,12722,5521,4570,6584,8581,8195,9623,9786,8259,8327,8539,8921,16302,12287,15611,16892,18870,18437,23148,22033,21647,18282,24469,21344,22917,19120,23282,21211,23054,21709,20636,21283,19648,15041,19264,17531,18052,14883,17215,17600,12947,13029,9937,10202,9985,8640,12684,10995,11141,12786,13963,12597,13126,11371,11296,10989,9385,5938,9752,10796,10886,9312,11241,10383,10699,9706,10387,10738,9658,5181,9943,9007,[x],9213,9667,8749,9608,8974
4211,Medical secretaries,838,731,829,767,750,794,721,688,690,685,712,535,741,614,766,573,722,804,764,791,806,877,844,510,883,702,818,703,941,900,957,810,738,897,843,705,908,881,724,395,366,492,610,672,697,866,714,734,713,847,1134,754,935,946,1238,1064,1181,1358,1300,1207,1427,1309,1584,1346,1507,1484,1599,1482,1444,1520,1379,1081,1279,1230,1286,1084,1317,1257,1122,1033,861,861,911,813,1073,914,878,1021,1074,1020,1098,970,892,887,749,632,777,747,731,622,764,657,640,654,718,693,698,362,587,706,[x],655,634,[x],598,588
4212,Legal secretaries,2065,1529,1929,1599,1658,2099,1585,1694,1509,1697,1607,1396,2056,1690,1866,1863,1771,1988,1811,1929,1951,1736,1678,1229,1871,1801,1832,1382,2499,2003,2273,1798,1535,1506,1425,984,1480,1858,1709,668,259,249,316,316,503,569,615,538,725,766,1450,1179,1324,1472,1305,1193,1472,1327,1208,1211,1552,1365,1355,1218,1447,1440,1549,1447,1304,1359,1351,1001,1395,1096,1154,1042,1012,1174,895,790,746,823,684,572,843,671,769,857,942,831,868,745,791,743,751,427,816,848,806,699,912,[x],[x],805,727,801,729,354,703,[x],[x],555,611,727,534,635
4213,School secretaries,463,316,447,339,436,486,402,271,546,426,457,289,444,339,374,325,469,526,355,299,537,530,554,316,382,370,393,301,574,579,609,345,610,624,536,394,530,553,437,218,225,322,285,282,504,441,416,414,283,280,495,448,661,700,711,469,1080,1002,972,905,1077,838,994,747,965,959,1062,757,1268,1225,1035,806,1038,778,856,673,869,987,718,569,772,666,743,644,741,584,660,561,653,668,635,458,812,633,592,424,586,585,679,464,657,[x],[x],437,796,639,660,287,640,404,[x],413,526,[x],495,428
4214,Company secretaries and administrators,541,320,325,265,314,337,289,276,314,387,314,222,348,315,288,264,315,345,267,233,256,290,274,167,275,268,302,215,293,276,334,259,308,331,282,194,327,343,277,168,116,115,150,140,163,167,159,177,197,243,343,230,277,262,258,203,285,261,248,230,357,293,317,277,343,296,298,263,276,314,283,244,324,238,223,218,305,297,226,202,157,204,161,152,216,171,180,183,148,170,164,122,158,137,136,109,134,165,198,175,163,231,166,192,142,163,177,77,147,118,[x],135,171,271,135,134
4215,Personal assistants and other secretaries,4935,4202,4877,4086,4213,4138,3504,3653,3562,3609,3514,2561,3971,3578,3740,3484,3763,4184,3823,3969,3949,4519,4026,2816,4481,3844,4102,3323,4357,4259,4510,3883,3886,4270,3884,2993,4127,4315,3345,1834,1611,1781,1874,1890,2164,2196,2138,2005,2447,2289,3944,2932,3757,3933,4456,3972,4395,4725,4894,4107,5215,4782,5580,4171,5447,4859,5082,4759,4633,4798,4742,3826,4641,4137,4160,3574,4154,4265,3358,3127,2767,2815,3000,2760,3361,3063,3160,3350,3481,3071,3154,3006,2637,2824,2456,1819,2748,2866,2991,2515,3089,2791,2695,2603,2667,2573,2868,1133,2728,2226,[x],2627,2554,[x],2301,2965
4216,Receptionists,8241,7093,8950,8142,7701,7217,6368,6485,6712,6232,6360,4446,6710,6014,6643,5686,6217,7259,6439,6226,6890,6826,6306,4148,6129,5492,6164,5751,7501,7381,7339,6402,6646,6869,6221,4907,7029,7120,4695,1947,1518,2106,2916,3137,4015,3555,3041,2702,2567,2682,6047,4656,7034,7973,8854,8507,9823,9882,9236,7627,10455,9858,11180,9664,11567,10452,11044,10042,9391,9732,8945,7006,9096,8289,9042,7759,8882,8964,6106,6419,4324,4534,4480,3961,6330,5905,5757,7173,7717,6943,7171,6423,6716,6338,5145,3264,5309,5557,6215,5393,6402,5667,5718,5556,6103,5812,5527,2510,5065,5076,[x],5260,5354,4687,4951,4377
4217,Typists and related keyboard occupations,482,316,279,262,326,412,251,268,231,216,225,163,256,259,269,233,235,279,218,259,219,214,234,133,202,185,249,194,264,277,282,204,165,209,191,161,203,226,174,86,57,60,62,81,96,109,105,96,120,114,191,116,138,187,187,202,180,186,194,160,214,183,211,188,235,241,218,196,220,229,155,125,168,144,116,114,159,153,259,356,330,408,320,237,354,291,143,113,114,89,121,119,88,96,75,101,98,90,93,71,107,86,69,67,83,85,71,33,63,48,[x],88,112,126,68,76
5111,Farmers,86,121,159,134,134,102,107,130,109,109,88,95,104,141,128,110,124,156,137,148,104,117,103,67,129,115,152,123,163,136,130,119,131,130,124,101,122,172,131,110,74,83,151,121,95,100,87,98,91,91,213,168,181,174,201,169,271,171,147,126,175,179,174,161,225,148,171,168,154,154,124,148,188,166,164,137,145,189,122,141,95,154,130,135,179,167,165,143,120,144,134,101,132,111,79,68,121,129,114,94,163,151,116,103,113,151,104,50,118,95,[x],95,110,[x],179,[x]
5112,Horticultural trades,219,216,263,215,207,181,141,173,141,105,108,80,193,170,162,146,189,143,177,186,153,133,96,68,136,133,167,143,196,154,187,141,154,112,99,103,181,197,145,59,60,80,145,132,121,117,89,136,146,177,238,192,199,193,247,185,259,263,229,222,309,256,375,264,297,250,238,207,180,188,197,164,221,235,235,262,272,304,156,168,101,122,117,95,200,163,175,230,249,187,164,126,140,128,109,62,134,179,189,184,181,151,157,131,121,155,117,65,209,154,[x],177,138,146,144,128
5113,Gardeners and landscape gardeners,506,689,1077,1075,857,757,588,503,457,401,258,265,559,557,580,624,682,677,614,409,454,358,312,198,520,500,766,596,703,682,671,503,515,439,559,303,637,777,671,476,523,591,637,542,681,539,569,432,666,728,1796,1175,1211,1508,1527,1268,1300,857,745,509,1039,996,1208,1074,1281,1039,956,816,720,668,617,456,839,850,1004,941,1510,1508,672,595,470,378,328,290,636,586,695,1040,1312,1087,982,854,793,608,487,276,633,961,1031,960,1119,1117,862,789,634,599,555,232,773,797,[x],829,771,749,774,545
5114,Groundsmen and greenkeepers,443,666,947,930,785,687,458,456,398,344,326,265,547,591,707,595,682,653,540,411,421,293,305,189,512,494,711,549,677,653,595,461,400,420,305,194,589,723,587,306,357,385,415,383,416,440,309,237,365,455,957,814,800,988,1041,803,1083,735,689,554,990,1050,1394,1141,1239,1048,1140,859,782,752,764,585,901,946,1044,906,1114,1072,670,668,484,381,349,362,777,757,876,1138,1309,1160,1042,898,682,552,448,264,725,1107,1138,922,1099,962,845,714,628,606,529,222,714,855,[x],966,917,803,860,561
5119,Agricultural and fishing trades n.e.c.,203,218,292,254,246,224,191,223,252,190,223,134,203,219,227,179,192,214,193,233,227,215,226,140,313,212,259,210,297,279,287,282,248,267,241,209,311,345,252,142,135,200,303,291,285,338,247,274,642,404,481,361,436,404,473,408,490,416,439,414,638,479,500,514,549,500,507,487,392,459,422,355,536,435,465,371,612,488,345,365,340,311,278,358,508,419,403,451,433,403,387,379,337,413,252,203,351,431,427,399,483,365,370,309,337,358,341,163,364,342,[x],329,372,[x],362,331
5211,Sheet metal workers,366,329,430,363,366,427,360,343,293,302,293,205,327,296,238,268,300,366,297,310,328,345,280,199,365,276,305,280,342,369,437,346,314,369,307,219,329,318,238,174,114,121,173,218,191,262,181,175,262,251,403,283,324,307,338,246,250,297,288,267,314,263,360,314,329,316,343,340,369,374,327,235,349,320,308,278,299,330,231,196,176,174,212,172,245,244,226,312,289,257,288,227,260,251,217,116,259,272,289,242,297,[x],[x],262,262,310,290,117,284,238,[x],269,287,283,317,272
5212,"Metal plate workers, smiths, moulders and related occupations",446,419,503,393,409,448,414,343,332,456,380,244,483,396,367,339,372,475,387,394,380,397,369,222,457,318,343,285,405,451,449,342,340,457,363,248,401,489,352,234,157,227,251,240,298,326,280,225,267,344,494,408,440,511,533,345,398,391,413,347,522,341,421,342,439,440,443,414,399,408,344,321,413,351,398,351,426,519,377,343,360,370,366,384,428,405,391,418,295,299,268,274,289,241,183,113,216,301,260,242,293,[x],[x],270,215,282,348,144,324,240,[x],247,275,253,424,292
5213,Welding trades,1676,1750,2311,2130,2372,2626,2097,2014,1821,1686,1494,969,1903,1642,1635,1646,1818,2008,1860,1876,1811,1816,1481,1080,2129,1625,1779,1456,1957,2458,2799,2048,1878,1796,1538,997,1736,1763,1239,769,548,808,890,1184,1406,1634,1422,1068,1709,1672,2610,2042,2302,2507,2584,1863,1936,1955,1653,1685,2093,1809,2364,1821,2331,2389,2537,2586,2432,2448,2143,1726,2432,2173,2113,1932,2013,2571,1660,1578,1358,1200,1237,1144,1947,1594,1461,2053,1887,1812,1958,1714,1647,1431,1184,657,1431,1639,1568,1406,1976,[x],[x],1755,1809,1656,1538,729,1703,1433,[x],1410,1514,1585,1680,1637
5214,Pipe fitters,241,234,299,238,315,377,427,375,226,217,211,133,220,186,219,191,219,233,300,324,262,257,173,118,218,183,187,124,208,275,353,271,242,195,134,126,174,232,175,107,90,112,191,204,215,255,257,171,200,246,307,230,285,238,316,220,185,174,118,145,166,159,257,167,235,269,378,315,257,230,146,169,254,222,290,237,285,376,266,244,216,142,172,119,199,220,208,284,308,289,364,350,272,186,176,95,197,253,254,208,284,[x],[x],334,237,228,194,116,260,236,[x],272,217,[x],284,286
5221,Metal machining setters and setter-operators,3010,2581,3618,2830,3003,3493,2607,2695,2690,2945,2942,1954,3465,2808,3265,3169,3398,3466,2992,3058,3262,3448,3012,2041,3884,3309,3593,2894,3859,4602,4912,3474,3180,3369,3175,2107,3400,3374,2605,1610,1016,1061,993,1055,1245,1398,1236,1101,1578,1505,2388,1801,2297,2237,2559,1910,2025,2281,2090,2109,2740,2521,2899,2517,3163,2820,3116,3042,3308,3212,3033,2448,3437,2913,2868,2328,2661,3246,2344,2180,2215,1916,2251,1674,2855,2206,2067,2518,2377,2232,2320,2058,1975,1888,1506,833,1856,1972,1861,1790,2503,[x],[x],2294,2223,2226,2152,1034,2245,1710,[x],2164,1956,[x],2196,2338
5222,"Tool makers, tool fitters and markers-out",455,369,535,453,447,453,375,377,389,388,447,344,542,548,506,401,450,387,387,279,352,323,341,275,476,394,451,338,493,537,555,412,356,387,333,251,369,419,353,233,150,155,193,196,222,265,231,230,260,266,396,292,291,270,303,274,266,303,249,249,322,324,351,331,392,392,390,328,334,340,306,292,425,370,359,267,348,359,240,259,254,291,228,199,291,234,237,207,257,241,262,215,242,211,139,125,152,246,227,199,322,[x],[x],274,217,202,245,127,242,204,[x],248,266,280,240,239
5223,Metal working production and maintenance fitters,12479,10316,13471,11487,12375,12717,11491,11003,9836,10150,10584,8371,12623,10583,11102,10191,11111,10742,10362,10476,10829,10306,9582,7614,11990,10475,11065,9636,14690,17284,17345,12763,12538,12980,11426,8811,11725,12785,11893,8765,5509,6537,7030,7119,7872,9094,8650,7560,9558,9002,15177,13373,14140,11845,13661,11375,11534,12274,11460,12199,14116,13022,15030,12082,14676,15076,16718,17532,15572,15648,15231,13120,15817,13597,13340,10667,12879,14195,10509,10002,9287,8765,9661,8367,11791,9383,9242,10849,10758,9799,10751,9982,10368,8997,7667,5280,9653,10135,10404,9160,12271,[x],[x],10100,10455,10657,10053,5602,10886,8643,[x],10139,9092,8724,10050,10992
5224,Precision instrument makers and repairers,685,607,728,715,722,767,536,582,596,605,686,427,683,567,600,587,638,701,674,599,658,626,620,466,708,566,682,560,865,822,802,714,639,626,660,487,596,691,628,411,308,359,375,350,414,474,367,377,509,420,624,519,712,617,682,577,631,699,703,610,773,686,746,605,770,868,768,755,756,745,730,670,766,789,736,540,737,824,533,601,449,512,469,486,551,458,473,540,497,439,544,394,436,390,373,294,413,490,477,420,501,599,488,373,428,460,408,246,401,370,[x],369,410,475,421,411
5225,Air-conditioning and refrigeration installers and repairers,999,810,1101,947,849,1059,869,760,622,604,589,388,653,549,614,674,851,786,901,812,875,717,678,545,930,795,833,747,1060,1322,1485,1139,1226,1037,912,701,883,1023,1006,596,415,497,636,816,724,724,542,673,696,631,1101,1147,1380,1132,1174,1068,924,821,685,825,918,800,1019,822,1038,1131,1139,1197,1172,1221,1158,1020,1383,1099,1149,1018,1220,1420,1103,911,921,983,994,919,1105,846,751,889,1078,887,935,861,854,705,640,355,795,875,818,628,996,[x],[x],909,955,804,843,437,1024,797,[x],1327,669,868,1290,1477
5231,"Vehicle technicians, mechanics and electricians",7867,6765,9429,7839,8115,8011,7010,6324,6651,6935,6191,5689,6867,5472,6240,5882,6282,6851,6482,6742,7482,8201,7790,4744,7764,6763,7244,6174,8044,7610,8109,7182,7541,7749,7573,5795,7419,8074,6044,3147,2502,3283,4118,5282,6345,7210,5711,5188,6658,5989,10021,8695,8422,8117,8863,7499,7815,8397,8189,7513,10168,8272,9082,7861,9798,8859,9484,9683,9495,10511,9704,8332,10455,9293,9293,8179,9421,9925,7447,7453,6040,6429,7252,6342,9467,7862,7292,8894,9016,7915,8528,8482,8053,7910,6616,4762,8166,9297,8664,7915,9344,[x],[x],9003,8284,8611,8251,4946,8892,7999,[x],8808,7158,8068,8281,8469
5232,Vehicle body builders and repairers,1055,844,1080,940,974,916,907,937,897,906,841,775,1048,799,885,788,833,1008,1021,936,1077,1121,977,704,1274,1061,1175,962,1265,1078,1074,1036,941,1086,1185,867,1124,1148,875,593,491,615,633,619,783,871,621,525,739,776,1120,888,1041,1066,1260,1213,1286,1361,1373,1075,1583,1182,1310,1220,1513,1272,1336,1400,1229,1436,1345,1293,1403,1117,1134,1082,1338,1299,1012,1145,760,798,977,852,1328,1157,1140,1312,1302,1158,1165,1116,1039,1005,769,556,991,1059,1018,926,1082,[x],[x],971,891,914,862,417,893,877,[x],822,829,786,1011,897
5233,Vehicle paint technicians,205,183,240,230,246,215,213,196,195,215,189,129,189,157,156,115,143,181,195,185,180,225,181,134,200,154,156,149,209,187,212,154,169,186,165,110,157,178,116,46,46,62,96,123,158,168,93,81,122,87,147,128,152,212,207,194,172,197,181,134,219,185,215,169,242,199,211,248,227,241,180,187,216,171,181,184,229,259,186,208,109,149,170,128,209,156,171,222,296,224,328,231,237,231,166,97,182,167,201,167,222,[x],[x],250,234,224,221,86,206,192,[x],172,187,207,219,184
5234,Aircraft maintenance and related trades,243,182,224,228,219,172,156,179,184,172,169,175,193,176,185,203,198,192,186,140,161,175,162,119,200,151,199,167,196,206,269,181,202,228,201,168,197,214,157,100,56,59,86,58,71,81,106,97,78,73,139,148,110,121,139,110,127,163,152,154,193,161,201,136,202,201,203,193,192,234,227,174,228,214,215,155,164,176,182,155,138,153,139,133,184,135,119,165,148,126,130,119,130,121,131,89,144,206,231,137,212,[x],[x],162,202,192,172,140,174,182,[x],142,147,156,141,163
5235,Boat and ship builders and repairers,136,104,163,121,117,99,88,82,129,105,140,76,133,115,136,106,117,123,106,109,107,118,125,109,169,146,145,131,159,153,139,121,132,165,135,119,148,145,110,96,48,61,65,65,74,89,70,84,94,94,154,104,136,129,171,123,132,149,142,167,191,157,194,172,257,192,186,178,219,436,185,189,428,177,292,167,177,191,486,338,339,149,353,335,352,417,128,543,126,104,324,85,300,92,286,61,101,101,90,100,89,[x],[x],87,72,121,110,92,91,80,[x],70,72,77,102,99
5236,Rail and rolling stock builders and repairers,125,99,121,89,111,105,98,117,83,110,96,76,114,83,111,87,103,101,109,87,101,86,82,61,139,97,107,116,122,124,151,142,128,150,142,95,140,121,113,74,60,49,84,67,100,74,78,49,70,63,103,109,100,120,134,94,96,106,115,108,128,123,125,123,97,132,118,127,149,146,104,88,119,86,97,75,94,108,76,76,83,69,71,59,80,47,41,68,81,60,78,69,54,48,54,28,56,59,83,63,77,[x],[x],69,80,78,48,34,49,55,[x],55,54,48,55,63
5241,Electricians and electrical fitters,4835,4229,5197,4158,4646,5182,4441,4695,3974,3757,3924,2597,4677,3756,3987,3390,3496,3486,3844,3761,3790,3663,3378,2547,4559,3732,3935,2934,4007,4446,5420,4255,4048,4392,4188,3220,4529,5046,4462,2332,1600,2177,2616,3101,3466,3900,3776,3433,4686,4119,7331,6558,6879,5279,6166,4582,4485,4546,4231,4416,5191,4645,5350,4419,5524,5636,6162,6278,5675,6059,5956,4583,6831,5965,6192,5194,5889,6856,4919,4402,3865,3470,3862,3646,5479,4252,4156,5628,5632,4790,5403,4773,4811,4314,3701,2201,4371,5535,4889,4512,5890,[x],[x],4918,5277,5024,4705,2616,5212,4287,[x],5039,4279,4156,4959,4970
5242,Telecoms and related network installers and repairers,1034,806,999,1059,1105,970,817,963,811,954,918,734,1042,851,873,804,813,744,776,752,702,773,630,493,742,660,648,601,869,944,1078,924,886,934,951,693,908,1094,1010,654,429,633,840,837,842,972,866,826,910,923,1548,1293,1782,1129,1185,1185,1069,1139,1121,1057,1307,1265,1571,1138,1464,1248,1729,2308,1454,1444,1215,1352,1384,1270,1260,1010,1150,1128,762,836,563,598,669,546,733,580,537,632,812,721,836,706,700,650,602,352,632,654,947,645,675,664,669,590,857,693,830,483,713,695,[x],706,684,[x],579,678
5243,"TV, video and audio servicers and repairers",218,184,343,247,229,382,265,206,177,210,529,290,288,221,218,169,163,477,167,147,172,217,167,146,225,187,226,196,257,336,346,285,277,275,282,200,261,272,314,165,144,147,146,129,135,190,120,161,184,159,247,248,220,192,268,224,187,244,230,185,220,205,215,204,258,248,237,225,256,235,239,216,275,245,221,185,203,199,145,195,159,182,173,141,195,132,128,141,189,139,148,136,131,112,130,126,162,206,200,200,275,[x],[x],165,158,180,225,165,225,154,[x],170,141,[x],173,170
5244,Computer system and equipment installers and servicers,714,564,836,787,873,704,560,577,548,644,576,559,680,682,637,626,631,674,614,662,567,512,565,466,720,693,719,558,802,904,998,805,719,783,814,627,813,789,887,591,397,378,437,454,559,703,542,494,664,560,1019,867,823,791,877,691,749,835,952,838,1036,968,967,800,977,927,739,862,855,955,844,787,877,701,685,522,664,623,536,514,385,451,440,427,486,409,355,343,397,321,371,342,406,282,360,211,316,439,381,341,496,[x],[x],375,431,443,485,219,427,319,[x],310,340,310,371,[x]
5245,Security system installers and repairers,1535,1181,1435,1271,1378,1415,1325,1341,1257,1539,1436,1051,1492,1204,1165,1061,1159,1050,1094,979,1092,998,1115,820,1159,1170,1322,1214,1605,2030,2075,1641,1554,1574,1641,1292,1716,1578,1833,1064,726,864,1005,1144,1264,1380,1267,1225,1414,1158,1972,1778,1999,1682,1867,1502,1369,1657,1513,1437,1718,1499,1714,1527,1772,1579,1907,1898,1886,1977,1838,1470,1668,1539,1554,1334,1185,1546,952,1127,936,1079,1158,946,1460,1006,1099,1253,1310,1129,1280,1189,1232,1127,998,706,1334,1343,1425,1259,1727,[x],[x],1251,1541,1448,1418,717,1544,1244,[x],1131,1130,1309,1317,1509
5246,Electrical service and maintenance mechanics and repairers,3763,2962,3749,3062,3101,3181,2446,2472,2499,2663,2915,2261,3496,2801,2686,2458,2795,2615,2722,2603,2866,2794,2727,1983,3350,2944,2917,2433,3482,4154,4178,2906,3198,3173,3005,2560,3179,3438,3144,2060,1351,1762,1977,2104,2175,2403,2441,2142,2714,2602,4017,3743,3819,3270,3590,2910,3144,3154,3024,3563,3862,3702,4139,3305,3721,3732,4076,3969,3543,3770,3710,3181,3840,3302,3269,2529,2778,3140,2384,2302,2244,2199,2448,1730,2841,2211,2063,2463,2513,1914,2052,1983,2049,1778,1448,1071,2070,2162,2134,1645,2184,[x],[x],1989,1954,1982,2156,1186,2138,1741,[x],2459,1648,1442,2185,2563
5249,Electrical and electronic trades n.e.c.,2915,2392,3110,2605,2538,2849,2042,2135,1933,2287,2556,2030,2681,2100,2131,2050,2480,2285,2230,2282,2337,2392,2280,1797,2687,2551,2524,2164,2949,3591,3474,2794,3133,3102,2892,2335,2904,3072,2594,1578,1034,1198,1407,1528,1817,1992,1971,1786,2143,1858,3308,2897,2903,2392,2747,2469,2665,2771,2757,3214,3454,3316,3764,2998,3350,3456,3697,3673,3288,3597,3440,3213,3864,3306,3005,2574,3015,3352,2746,2453,2274,2483,2509,1987,3003,2185,2118,2471,2445,2141,2205,1977,2030,1834,1676,1240,2287,2442,2481,2162,2623,[x],[x],2116,2525,2459,2255,1245,2273,1818,[x],1997,1837,[x],2024,2345
5250,"Skilled metal, electrical and electronic trades supervisors",2304,2044,2437,2177,2165,2228,1799,1860,1848,1834,1981,1497,2085,1954,2004,1790,1934,1949,1891,1868,1993,2024,1782,1274,2251,1888,2100,1665,2387,2354,2610,2012,1995,2130,2041,1635,2322,2450,1960,1204,869,1096,1191,1206,1445,1798,1448,1538,1639,1558,2566,2262,2309,2063,2382,2036,2140,2387,2189,2064,2644,2326,2735,2235,2871,2414,2709,2566,2503,2583,2686,2240,2998,2538,2678,2136,2549,2825,2228,2257,1966,1923,2060,1703,2451,2030,2095,2484,2737,2368,2715,2463,2498,2376,1980,1404,2294,2519,2441,1856,2211,[x],[x],1953,2043,2116,1932,1110,2111,1893,[x],2125,1839,1894,2010,2157
5311,Steel erectors,178,163,212,211,227,248,173,165,155,171,122,82,144,102,124,130,118,128,141,138,137,156,133,87,121,103,107,85,155,143,156,170,178,136,98,122,134,141,145,82,62,81,126,146,132,155,106,90,137,107,206,136,163,170,152,117,142,132,121,93,151,100,118,94,181,163,171,181,146,134,116,95,154,129,130,131,138,228,131,148,110,88,76,108,132,105,121,148,216,183,232,205,196,195,135,68,135,146,115,116,156,[x],[x],185,149,127,115,51,128,109,[x],113,115,128,130,127
5312,Stonemasons and related trades,142,148,176,198,168,197,167,142,137,140,151,70,135,126,125,225,299,260,236,130,176,207,152,98,170,132,117,124,142,166,130,168,111,102,102,71,118,115,88,71,58,62,104,92,117,132,69,83,98,87,168,156,161,138,169,109,102,84,87,74,114,107,119,108,135,138,150,124,103,123,110,468,492,128,240,244,316,348,498,683,688,629,571,806,667,743,828,712,122,304,113,100,111,77,68,35,56,99,112,95,92,135,131,99,109,110,106,31,63,73,[x],74,84,94,86,89
5313,Bricklayers,961,1249,1668,1434,1402,1592,1295,1211,947,867,726,375,966,823,974,887,953,888,802,710,708,701,570,271,660,589,644,506,950,763,751,769,667,609,337,275,472,547,407,172,181,345,502,823,884,801,604,488,1078,1442,1510,1124,1117,943,1008,792,831,625,525,481,760,620,626,415,644,624,573,678,584,555,405,246,477,401,379,418,494,520,315,238,217,248,127,133,230,235,225,330,538,488,541,516,478,480,245,164,368,494,515,399,581,604,661,572,593,389,318,100,379,322,[x],352,358,380,452,378
5314,"Roofers, roof tilers and slaters",186,245,300,256,220,267,212,300,262,237,203,117,237,202,144,180,178,173,151,148,218,195,184,120,204,181,168,120,196,182,258,225,232,302,268,157,244,325,288,116,144,202,282,352,376,523,430,304,669,568,1253,606,501,495,577,469,503,349,385,271,445,274,355,220,342,292,306,312,308,380,349,242,465,355,303,336,358,414,230,259,207,273,315,217,430,339,308,439,496,421,443,407,432,470,384,203,337,465,366,268,335,348,361,346,328,335,378,153,338,345,[x],309,293,335,386,353
5315,Plumbers and heating and ventilating installers and repairers,4403,3877,4369,3719,3807,3954,3066,3185,3497,3443,3431,2779,3975,3175,3731,2944,3204,3124,2913,3083,3385,3636,3337,2288,3904,3015,2958,2427,3798,4181,4067,3154,3625,3317,3751,2985,3576,4153,3326,2112,1385,1785,2348,3320,4181,5202,4756,4042,4983,4516,7730,6679,7696,5704,6377,5196,5083,4475,4418,4126,5075,4178,4457,3496,4235,4271,4364,4865,4746,5179,5236,3463,5369,4464,4593,3685,4519,4332,3174,2828,2597,2864,2925,2546,3804,3004,2838,3461,3812,3276,3726,3627,3577,3852,3427,1887,3418,4256,3628,2857,4101,[x],[x],3606,3775,3793,3709,2084,4010,3308,[x],3318,2928,2783,3360,3636
5316,Carpenters and joiners,2147,2206,2778,2898,3164,3740,3763,4320,2929,2511,2258,1349,2135,3003,1830,1794,1853,2514,2671,3116,2405,2420,1888,1063,2209,1637,1667,1608,2541,2382,2973,3117,2530,2279,2063,1301,1945,2018,1602,813,617,1062,1890,2761,2628,2740,2244,1706,2485,2242,3864,3293,3697,3792,4200,3221,3142,2481,2454,1937,2653,2313,2467,1851,2792,2804,2956,4048,2986,3171,3140,1706,2348,2453,2334,2162,2607,3005,1943,1933,1435,1162,1140,942,1545,1376,1207,1978,2694,2481,3161,3539,2482,2327,1585,829,1598,2305,2195,1973,2813,2710,3226,3103,2416,2339,1790,766,1859,1578,[x],1853,1980,2218,2841,3236
5317,"Glaziers, window fabricators and fitters",431,435,572,597,601,547,573,596,435,493,467,272,438,367,377,385,441,623,473,557,655,618,512,319,473,346,389,304,525,524,574,477,500,486,559,322,395,494,347,215,219,450,479,593,692,697,507,382,457,534,765,636,693,733,730,565,528,456,396,362,498,481,521,425,579,429,411,411,492,434,367,261,402,345,350,346,297,380,250,268,221,245,187,181,247,191,219,307,390,405,392,327,389,342,282,162,275,394,386,381,476,[x],[x],370,398,384,335,150,349,327,[x],319,356,367,358,346
5319,Construction and building trades n.e.c.,1837,1642,1965,1923,1801,1762,1540,1469,1580,1553,1450,1197,1586,1473,1559,1501,1605,2019,1581,1881,1681,2680,1624,1081,1740,1556,1710,1488,2096,2291,2390,1999,1730,1984,1824,1425,1717,1983,1767,1048,853,1088,1207,1337,1568,1657,1605,1354,1967,1867,2743,2368,2527,2274,2742,2147,2219,2123,2010,1865,2404,2146,2466,1822,2645,2561,2517,2779,2286,2494,2139,1943,2280,2268,2099,1887,2134,2324,1491,1508,1285,1494,1195,1088,1606,1126,1324,1510,1645,1440,1690,1471,1516,1402,1228,835,1360,1602,1516,1227,1930,[x],[x],1621,1617,1644,1778,1072,1820,1411,[x],1585,1755,1733,1735,2094
5321,Plasterers,286,413,507,452,652,583,586,599,400,340,415,201,363,296,294,329,356,421,482,524,433,342,346,186,346,323,292,324,549,451,523,577,608,422,496,289,376,521,382,179,119,229,467,752,734,732,495,500,720,627,1227,847,945,767,907,634,660,555,476,357,554,439,411,322,467,467,479,659,524,456,421,295,391,413,387,392,521,641,352,374,324,268,245,192,287,259,238,382,484,474,607,633,482,496,361,161,317,507,423,403,594,464,642,658,492,416,373,140,345,323,[x],363,395,378,500,573
5322,Floorers and wall tilers,426,327,550,494,514,591,435,455,401,371,360,238,326,283,338,324,321,388,330,430,351,358,279,151,303,256,247,251,358,343,408,444,538,480,662,376,362,452,314,220,177,416,409,411,492,550,421,384,562,449,1078,594,678,569,754,494,432,421,408,299,466,377,370,263,508,390,454,434,478,808,1341,495,785,584,387,443,784,495,296,283,250,233,218,278,287,230,271,318,378,329,353,375,423,345,311,218,225,299,424,381,480,473,416,443,452,499,379,167,281,329,[x],288,362,300,368,375
5323,Painters and decorators,837,905,1413,1525,1818,2023,1925,2339,1230,2697,1448,1838,1274,943,864,897,980,1469,1444,1724,1253,1136,1047,536,934,788,980,834,1363,1369,1804,1914,1639,1386,1299,763,954,1123,768,573,480,669,1066,1586,1518,1330,1017,883,1244,1004,2285,2174,2473,2397,2903,2063,2016,1404,1195,914,1519,1149,1237,919,1297,1446,1572,2488,2140,2166,1961,972,1628,1303,1418,1307,1946,1918,1075,1159,893,715,548,483,668,639,660,1104,1558,1480,1812,2110,1382,1136,825,405,715,906,1108,1085,1610,1667,1865,1774,1353,1208,921,385,774,705,[x],1124,1238,1192,1917,1766
5330,Construction and building trades supervisors,1076,955,1257,1060,1106,1030,975,923,794,826,748,538,944,748,794,735,820,815,727,688,733,730,649,499,880,789,713,667,926,860,1029,789,816,929,828,591,894,955,775,542,418,576,595,734,738,883,770,686,785,799,1250,896,1242,1152,1280,1149,1109,1068,1028,1011,1220,1153,1223,1053,1283,1146,1245,1298,1223,1236,1032,930,1063,915,1007,849,1009,1062,801,749,713,674,729,617,844,712,654,818,939,799,940,818,770,819,597,391,744,949,816,725,893,[x],[x],810,820,1201,716,328,840,749,[x],865,745,770,906,881
5411,Upholsterers,273,240,258,242,268,246,183,222,164,163,165,130,210,129,139,142,171,129,139,129,199,129,116,82,163,118,117,103,138,163,172,159,149,140,147,113,203,173,102,49,39,71,144,159,217,196,152,101,117,111,234,165,219,233,232,233,255,197,217,220,251,191,173,174,220,240,184,198,175,217,151,112,189,146,156,120,157,164,79,90,47,75,61,70,99,74,93,133,161,120,131,124,146,117,84,40,90,120,123,112,116,125,149,115,133,137,109,50,119,95,[x],118,122,101,130,103
5412,Footwear and leather working trades,279,251,311,269,267,307,289,326,372,328,295,173,262,296,529,336,313,238,221,224,282,291,371,214,328,286,259,188,252,278,279,262,367,307,244,186,226,264,233,119,122,121,175,196,372,252,195,149,166,155,257,201,226,312,293,291,317,313,307,291,366,322,379,340,381,393,397,365,318,375,374,269,319,289,261,272,319,369,302,303,252,223,243,208,276,251,239,260,211,184,198,201,208,176,129,106,200,192,217,196,193,222,168,196,166,207,187,81,160,172,[x],181,201,[x],[x],159
5413,Tailors and dressmakers,264,221,344,297,355,293,211,236,249,200,188,167,269,259,211,197,202,227,256,182,246,268,260,158,241,203,211,180,269,280,283,231,333,317,283,128,209,312,185,82,57,91,110,191,282,299,231,175,183,215,290,220,263,273,273,271,409,721,444,301,397,302,289,293,425,355,404,507,593,749,270,215,285,237,218,188,276,296,179,185,142,125,142,126,180,196,211,210,217,224,229,210,232,197,142,105,163,183,189,172,187,227,196,188,189,191,180,80,199,163,[x],150,161,188,180,208
5419,"Textiles, garments and related trades n.e.c.",158,158,176,170,208,193,148,149,133,162,148,129,158,194,164,147,146,175,142,110,153,172,156,89,188,149,174,126,177,160,151,137,156,168,137,109,170,218,149,84,94,91,111,95,145,131,157,110,110,106,220,136,168,199,210,190,221,256,215,181,320,241,263,231,254,248,240,241,250,222,192,161,221,184,188,160,207,204,154,153,115,134,135,143,170,147,166,187,170,158,157,161,138,160,119,85,135,139,135,126,143,141,133,144,147,137,118,46,143,138,[x],146,160,138,124,107
5421,Pre-press technicians,248,207,245,222,245,308,198,202,215,197,193,163,236,220,197,186,170,210,177,191,256,279,256,138,264,188,178,155,217,228,211,179,182,193,144,108,167,199,148,80,57,74,80,99,119,126,119,120,120,124,201,145,185,196,210,170,216,227,218,191,279,227,243,208,287,269,250,214,229,233,213,230,249,225,189,182,223,217,183,156,122,128,132,128,192,162,159,170,166,176,154,145,122,143,117,81,159,133,128,121,177,[x],[x],99,148,164,146,64,143,102,[x],120,117,116,104,134
5422,Printers,444,412,454,491,574,559,395,433,423,447,457,302,518,449,429,405,459,434,411,353,423,426,410,299,464,370,456,420,477,553,588,538,504,488,479,352,514,537,429,238,172,204,234,250,284,309,302,332,333,321,568,394,450,450,531,488,548,510,548,489,613,526,617,480,628,577,601,558,456,512,483,364,478,484,478,392,433,481,330,349,329,292,271,273,399,376,376,412,368,412,354,338,345,356,273,233,338,398,365,320,442,484,461,390,483,379,350,181,323,313,[x],366,414,386,504,388
5423,Print finishing and binding workers,523,408,436,410,415,391,363,434,382,457,397,296,406,472,483,418,383,415,373,442,420,410,461,227,431,403,391,385,477,509,465,382,346,348,371,267,431,500,331,218,178,164,206,180,201,226,218,159,224,250,330,253,720,271,341,294,315,344,311,307,366,371,373,328,430,369,406,360,327,382,375,288,379,332,403,256,284,295,285,245,200,198,233,187,272,187,228,259,244,219,250,226,204,160,193,137,173,225,212,201,268,275,215,198,278,331,440,195,236,182,[x],166,213,255,184,240
5431,Butchers,198,191,273,249,268,261,215,260,237,225,183,117,184,176,182,201,201,258,230,271,317,228,205,106,199,149,161,173,248,230,211,176,184,193,165,155,196,223,193,178,224,215,192,268,235,233,157,132,168,200,336,273,297,343,358,295,337,350,245,192,242,260,239,195,224,255,220,223,234,264,257,229,280,216,218,232,304,267,148,162,123,176,109,158,214,160,204,267,307,278,306,281,301,279,245,90,235,248,266,251,299,262,259,241,265,264,216,103,274,252,[x],231,228,244,204,267
5432,Bakers and flour confectioners,231,234,321,315,325,287,174,286,261,215,220,131,213,207,231,235,256,287,321,293,303,264,243,134,208,197,196,208,284,271,282,258,251,329,409,228,331,285,305,169,179,227,228,276,318,273,241,162,193,189,390,288,324,388,466,476,505,536,494,387,586,499,463,445,576,621,635,591,609,522,438,318,415,393,360,357,462,432,257,301,205,201,186,182,259,235,270,394,457,414,425,418,386,366,305,157,293,358,423,354,393,372,373,387,388,371,398,152,361,371,[x],354,385,318,349,330
5433,Fishmongers and poultry dressers,35,30,48,55,71,68,37,45,48,45,36,26,47,40,45,29,43,58,46,48,32,49,48,21,36,28,21,38,55,48,41,37,42,46,47,28,45,52,49,27,44,49,53,74,93,66,26,19,34,23,73,58,62,66,53,66,51,73,49,36,64,45,47,48,52,84,69,46,62,48,54,50,42,42,54,55,59,51,27,26,11,40,37,47,44,49,51,59,59,57,31,34,43,38,33,21,39,44,58,33,49,58,48,33,40,47,35,11,34,40,[x],33,23,50,[x],37
5434,Chefs,14487,11104,14041,15227,19467,15524,12999,13740,12760,10416,9626,8076,12014,8997,12114,8847,9372,13147,11727,10165,12351,12874,10798,6817,8509,10596,10030,9865,12364,12507,12274,11853,12269,11405,13790,8956,13344,14086,10863,2201,914,1847,3125,5479,5654,3506,2033,2008,1332,2131,6905,8190,11334,11631,12356,11594,11209,11723,10665,9314,12741,12937,14170,11667,14113,12370,13863,13144,13346,15013,11503,9158,12653,10039,11376,10086,11943,12293,10211,10754,8859,8267,7609,7253,9536,9215,9520,12806,14011,12048,13190,12633,11967,11200,9699,5423,10037,12000,13025,11830,13662,12957,12888,12902,11884,12068,10772,4625,10939,9130,[x],11404,10892,9388,10724,9831
5435,Cooks,696,1215,935,1066,1011,1028,839,839,879,881,752,503,781,672,785,1388,749,1097,927,1033,966,1036,734,624,821,782,722,688,774,753,798,836,760,746,754,525,848,1041,725,466,357,436,428,543,596,515,417,367,331,347,841,775,954,986,1159,1074,1174,1147,1121,1019,1305,1305,1445,1244,1534,1377,1486,1380,1352,1508,1209,966,1317,1096,1201,1007,1251,1197,845,882,742,752,643,592,886,830,781,1268,1551,1409,1503,1459,1352,1299,1084,639,1216,1312,1484,1303,1402,1446,1373,1314,1333,1285,1184,560,1293,1167,[x],1241,1120,1092,1202,1070
5436,Catering and bar managers,3323,2764,3299,3418,3838,3960,5710,3629,3057,3103,2810,2415,3656,3048,3379,2973,2688,3320,3130,3142,3211,3202,2612,1803,2390,2357,2261,2125,2762,2800,2840,2548,2674,2411,2400,1828,2685,3035,1811,710,450,788,911,1179,1307,976,840,746,740,795,2312,2159,2818,3206,3541,3497,3381,3272,3258,2685,3741,3874,4239,3645,4403,3896,3856,3937,3784,4083,3684,2788,3939,3324,3097,2858,3258,3295,2308,2710,1940,2072,1810,1673,2330,2228,2171,2934,3255,2895,3098,3011,2953,2829,2271,1352,2407,2654,3034,3243,3372,3237,3212,3132,3205,3079,2892,1325,2778,2607,[x],2911,2863,2491,3168,2837
5441,"Glass and ceramics makers, decorators and finishers",306,281,384,353,343,337,355,1017,940,1238,855,222,469,581,323,262,358,308,373,391,343,376,463,238,429,330,334,284,422,441,418,499,382,392,335,242,328,394,324,191,161,178,217,288,274,327,242,187,216,270,434,301,353,334,413,392,357,398,397,403,537,466,472,662,523,574,486,1294,995,946,1090,865,493,358,346,290,440,449,336,328,269,300,274,330,364,306,339,323,345,377,461,506,327,302,296,189,365,398,429,351,445,471,559,449,494,434,346,182,320,295,[x],299,330,274,358,410
5442,Furniture makers and other craft woodworkers,339,346,407,443,422,389,306,342,343,337,317,216,337,314,306,245,276,312,223,241,332,378,249,202,284,252,280,246,338,342,356,309,298,282,244,204,316,335,253,192,148,154,222,306,318,269,247,192,188,196,388,343,377,404,390,382,374,311,315,262,396,398,387,317,427,366,399,471,460,360,370,327,416,395,411,347,407,505,436,380,334,337,265,330,427,376,403,432,476,418,340,452,490,380,287,144,299,360,367,338,380,417,345,301,355,438,341,163,323,336,[x],277,363,340,385,268
5443,Florists,43,40,56,55,41,33,50,38,31,25,25,6,33,22,20,23,28,23,25,27,43,25,23,11,31,25,33,20,39,50,44,61,45,73,99,49,77,56,75,46,35,36,63,47,73,41,28,35,41,30,98,67,66,70,135,124,112,104,91,71,109,91,86,79,108,166,121,86,90,79,66,66,80,60,64,51,57,50,17,28,8,24,13,14,41,17,18,45,53,57,53,55,60,62,47,8,47,50,54,47,48,65,51,42,53,59,45,22,53,42,[x],39,47,[x],37,31
5449,Other skilled trades n.e.c.,1173,962,1228,1040,1146,1089,1109,1214,1126,1175,1152,875,1214,1323,1172,935,1102,1081,874,994,988,1121,1541,722,1367,1070,1463,1051,1689,1265,1348,1095,1389,1335,1322,958,1659,1097,1023,713,761,709,859,891,893,937,708,624,681,633,1055,757,1164,1033,1179,953,1029,1067,1074,882,1142,865,1107,929,1246,1136,1144,1128,1177,1196,1022,917,1334,998,1079,989,1329,1234,886,850,751,790,855,754,997,921,867,1006,1029,921,866,716,790,800,647,459,781,804,878,685,921,812,777,788,718,813,760,466,722,679,[x],725,1032,891,847,719
6111,Early education and childcare assistants,5245,5344,6653,5603,5707,5747,3780,3870,4025,4424,4376,3288,5789,4884,5372,4687,5122,5085,4638,3977,4639,5115,4962,3284,5208,4619,5451,4344,7181,6839,5957,4575,4646,5167,5151,4185,5653,5523,4934,2784,2069,1999,2116,2272,2888,3290,2884,2982,2959,2821,4727,4104,4599,4125,4378,3316,4078,4383,4912,4559,5545,4869,5967,4597,5271,5135,4910,4640,4981,5581,5883,4579,5990,4880,5063,4182,4858,4650,3119,3059,2667,2855,3430,3460,4566,4432,4523,5440,6085,5355,5233,3990,4267,4396,3880,3120,4827,4736,4935,4212,5743,4296,4086,3707,4794,4402,4369,2156,4289,4100,[x],4331,4494,[x],3685,3130
6112,Teaching assistants,5362,5132,5196,3824,4365,6122,4096,3438,5543,5149,5891,4008,7285,5282,5979,4961,5584,7031,5847,5207,7128,6848,7159,4734,6509,5962,6343,4968,9947,11347,10693,6540,8232,8699,8323,6567,8331,7769,8087,5517,5222,5813,5507,4273,7011,7268,6649,5778,5086,4604,7575,7587,8480,8209,8258,5318,9520,10216,10678,8831,10627,8858,11081,8100,9868,10663,9961,7642,11129,11073,11901,9149,12240,10344,10701,8177,9471,10458,7833,6920,8868,8544,9494,8015,10336,8549,9033,10015,10014,9904,9556,6671,10546,9634,9098,7161,10735,9574,10103,8121,10404,[x],[x],7233,11186,9460,9693,4885,9957,7868,[x],8038,9252,[x],7292,6153
6113,Educational support assistants,3556,2953,3426,2388,3017,4077,3228,2452,4153,3820,4239,2807,4837,3633,3969,3323,3664,4850,4735,3468,4661,4654,4711,3261,4292,3924,4237,3346,6735,8308,8223,5376,6670,7045,6436,5173,6538,6027,6332,4169,4217,4893,5334,3990,6158,6102,5930,5037,4610,3872,6324,5212,6552,6937,7103,4773,7943,8430,8311,6731,8281,8599,8099,5959,7377,8029,7891,6234,9151,8984,9193,6920,9067,7552,7709,5636,6638,7961,6432,5599,7241,6566,7356,6038,8056,6539,6639,6865,6926,7597,7328,5326,8372,7343,7080,5397,8018,6538,6973,5849,7339,[x],[x],5511,8336,6960,7090,3378,7376,5567,[x],5315,5994,[x],5717,4866
6114,Childminders,411,2046,2763,3044,3760,6556,4564,5077,2868,925,973,1610,4067,2859,2966,3804,3067,2634,2708,1812,3754,183,191,90,181,107,102,581,146,837,674,275,1258,1200,689,942,920,1479,1135,423,117,100,215,407,902,691,531,338,262,269,331,252,356,247,369,203,338,285,374,494,600,454,421,396,349,474,340,389,319,397,1824,1346,615,628,589,594,1150,1450,662,1088,559,316,248,99,127,123,93,121,146,142,159,113,157,150,95,88,183,719,181,126,149,128,118,97,102,158,84,52,112,[x],[x],102,123,[x],178,135
6116,Nannies and au pairs,703,929,1141,1414,1323,1925,1747,1465,978,498,665,460,1284,1072,1287,1161,1163,1078,1000,748,1289,480,416,277,498,341,394,412,426,616,720,442,890,751,674,560,1228,1143,904,800,537,526,611,696,725,633,591,526,596,485,755,746,1207,1027,2988,896,1191,1112,1193,966,1499,1058,1323,1118,1112,1215,1117,1129,1071,1122,1882,1338,1522,1438,1369,1114,1552,1766,1240,1295,1042,817,832,513,909,759,766,748,790,705,800,747,767,722,653,503,964,725,848,729,725,755,722,626,676,524,636,262,732,563,[x],577,528,[x],506,642
6117,Playworkers,386,420,494,489,524,499,365,278,436,334,322,294,422,341,380,266,331,471,368,238,432,404,345,226,373,313,410,306,470,492,441,319,478,407,363,356,512,595,341,179,166,168,265,246,385,318,207,191,139,103,412,271,428,585,579,503,844,757,700,633,694,592,714,593,872,674,663,542,772,786,775,616,823,672,810,548,709,732,455,468,422,355,398,417,688,556,637,754,967,937,911,593,910,824,692,503,909,766,894,531,756,874,722,549,897,758,729,296,825,630,[x],585,646,[x],599,460
6121,Pest control officers,158,143,169,141,182,177,171,180,154,144,186,170,144,141,123,122,113,148,121,106,155,119,144,109,134,115,113,127,193,205,169,156,176,169,177,106,164,153,203,115,70,67,94,78,125,142,116,99,155,128,199,155,201,172,210,181,162,178,169,143,207,230,334,209,251,175,226,190,216,212,223,185,233,205,230,179,234,278,163,178,134,128,161,147,189,108,118,218,227,198,199,219,185,172,169,99,203,215,204,174,340,212,209,257,238,225,169,107,218,193,[x],207,187,[x],228,258
6129,Animal care services occupations n.e.c.,1569,1357,1217,1508,1564,1664,1453,1593,1200,743,597,776,1429,1322,988,1018,916,962,1032,891,1051,647,517,375,476,1291,444,459,710,735,673,651,651,592,629,531,785,1447,515,336,211,320,394,760,539,887,379,481,427,432,782,673,1197,892,946,858,1076,1061,999,823,1138,1084,1149,1156,1306,1081,1097,998,1080,1050,1410,1288,1385,1046,1134,963,1251,1347,780,985,514,517,484,690,968,933,897,1031,961,900,882,829,829,695,628,297,614,730,737,653,766,758,784,655,902,795,790,340,748,613,[x],787,781,790,657,670
6131,Nursing auxiliaries and assistants,9604,8123,10585,9446,10797,10917,8854,9175,8183,8992,8806,6700,9525,7607,8375,7648,8046,8884,8666,9026,10153,9950,10591,6952,10871,9007,9929,8356,11843,12062,11571,10586,10672,12147,11863,9741,13309,12991,14023,13297,10686,10100,9890,10912,11433,13373,10373,10873,12462,10222,13418,11072,12522,12718,14928,13277,13535,15185,16341,13647,16198,14179,15206,13370,15651,14282,14603,14970,14500,15243,15963,13516,14566,11934,12075,10008,11584,11507,8391,8257,7183,7396,8019,7115,9068,7952,7939,9288,9810,9052,9390,8685,8665,8662,8056,5742,8709,8190,8328,7590,8905,8030,8763,8249,9169,8687,8973,4063,8693,7266,[x],7897,7470,[x],7550,7242
6132,Ambulance staff (excluding paramedics),380,333,426,376,422,354,327,388,398,433,515,428,602,470,635,592,638,966,666,576,539,534,1382,649,732,684,523,445,784,591,586,450,503,547,499,399,548,630,595,522,461,445,417,476,490,588,467,435,525,427,641,469,596,457,729,564,604,669,632,653,843,685,677,685,847,772,850,774,698,800,842,653,758,653,674,842,748,948,519,612,462,560,508,484,626,547,460,556,617,566,491,450,476,450,465,329,450,461,442,416,405,374,463,429,378,434,398,237,419,486,[x],504,488,[x],[x],272
6133,Dental nurses,1510,1245,1563,1372,1296,1317,1254,1226,1169,1474,1243,932,1369,1052,1177,1095,1128,1229,1016,1228,1431,1269,1184,854,1500,1048,1238,966,1283,1384,1570,1359,1658,1528,1419,1180,1673,1750,1655,857,628,749,886,1245,1414,1666,1333,1383,1515,1196,1971,1594,1464,1396,1784,1488,1431,1414,1752,1383,1864,1746,1820,1694,2092,2012,2153,2002,2096,2291,2282,1976,2344,1820,1929,1527,1839,2125,1530,1276,981,806,813,968,1555,1378,1365,2049,2269,2031,2058,2021,1732,1741,1617,941,1459,1876,1993,1555,1778,1842,2030,1806,2068,2343,2685,1424,1933,2051,[x],1656,1609,1536,1971,1419
6134,Houseparents and residential wardens,3181,2083,2358,2432,2337,2451,1966,2120,2024,2359,1704,901,1042,869,854,755,1033,1352,1272,1276,1273,1322,1435,704,1056,815,850,858,1236,1359,1163,961,1051,1171,1103,887,1150,1497,1584,1615,1361,1267,1258,1116,1327,1597,1122,1090,1432,1334,1611,1326,1541,1534,1467,1346,1580,1549,1762,1441,1833,1468,1710,1558,1797,1936,1643,1623,1828,1792,2089,1832,1941,1528,1513,1689,1592,1946,1093,1024,969,1151,1168,1078,1520,1237,1333,1920,2057,1832,1886,1608,1626,1609,1556,1064,1690,1610,1656,1503,1976,1831,1891,1568,1858,1790,1830,902,1769,1469,[x],1645,1471,1496,1697,1608
6135,Care workers and home carers,18445,16018,20098,19566,22944,22036,17599,18042,15314,16017,16024,13135,18408,13422,14402,13969,12940,16386,16144,15673,18656,18904,20217,12833,19130,16234,17490,15196,20566,20327,18936,17599,18705,21269,20048,16271,21092,21505,24117,29426,23780,21155,19134,22152,21482,24810,19420,19672,22890,20234,26664,20536,22902,23449,26296,23637,24236,26982,29844,25517,29402,28468,28763,24032,27763,24818,26428,26448,25669,27183,27803,25497,27705,23163,22429,19490,21038,21062,14883,15763,13064,12759,13249,13327,16915,14580,14140,19560,20064,19264,19416,18477,18909,18298,16534,11127,17407,16641,17447,15880,18523,17651,17804,18648,18119,18622,19001,8463,18042,15038,[x],17610,15624,[x],17016,15801
6136,Senior care workers,3543,3159,3854,3569,4023,4107,3082,3358,3077,3097,3485,2367,3431,2808,3406,2825,3163,3614,3338,3256,4024,3986,3962,2613,3984,3207,4083,3151,4353,4808,4627,4360,4026,4683,4404,3483,4745,4997,4938,4942,3930,4600,3921,4685,4385,5020,4408,3663,4292,3889,5660,4212,4788,5093,5370,4917,5101,5941,5911,4865,5901,5651,6014,5643,6500,6364,5945,5885,6193,6298,6400,5188,5775,4745,4963,3997,4560,5311,3724,3828,3559,3560,4014,3185,4211,3424,3364,4584,4849,4638,4614,4345,4244,4007,3607,2547,4017,3897,3940,3658,4269,4432,3858,3970,4089,3887,4268,2062,3978,3301,[x],3547,3518,[x],3642,3416
6137,Care escorts,258,214,306,294,312,308,226,246,256,214,204,135,249,192,195,145,207,244,207,239,256,287,225,190,258,242,256,191,270,251,246,265,264,254,218,198,302,326,276,222,160,159,206,274,318,481,300,281,287,225,377,328,473,452,470,354,417,441,450,325,528,334,430,339,504,403,436,473,393,489,469,399,617,403,459,410,563,589,563,327,495,308,547,351,454,407,339,402,475,425,453,490,515,652,421,284,453,514,384,378,453,446,479,527,520,425,512,215,493,397,[x],430,438,[x],426,452
6138,"Undertakers, mortuary and crematorium assistants",204,240,201,177,184,150,180,165,137,138,153,134,173,146,132,167,173,190,173,198,274,198,160,168,201,169,181,218,223,218,292,192,189,115,179,174,214,258,305,260,168,138,164,154,208,293,385,237,286,216,284,260,314,316,268,327,498,615,604,413,521,458,564,370,520,421,485,461,391,445,508,435,495,720,588,482,716,453,356,321,308,284,250,212,334,248,266,244,352,359,448,473,302,319,305,178,321,327,416,380,331,446,447,427,384,397,376,162,382,340,[x],354,381,[x],345,312
6211,Sports and leisure assistants,1032,853,1271,1085,1222,1054,855,912,848,804,750,504,990,790,1038,954,1039,1210,1079,973,1003,908,749,556,995,786,948,853,1021,1044,1113,960,1023,943,815,562,1121,1042,592,262,81,119,211,297,382,368,175,226,168,195,619,733,949,1053,1032,1332,1680,1490,1351,1087,1699,1661,1781,1774,1849,1595,1633,1463,1364,1294,1176,1119,1552,1448,1622,1347,1646,1682,1134,1302,1103,1024,984,801,1238,1006,1221,1357,1432,1117,1258,1160,1032,961,675,508,1137,932,1163,1127,1103,1145,1121,957,985,919,720,569,1041,908,[x],1160,1194,870,826,963
6212,Travel agents,2199,1528,1816,1676,1628,1890,1347,1444,1502,1438,1356,1332,1537,1704,1491,1257,1493,1438,1354,1455,1597,1940,1472,1224,1928,1509,1514,1436,2133,2421,2512,1918,1735,1923,1753,1511,1933,2297,1511,372,169,217,217,210,264,259,237,259,226,254,613,385,604,661,940,849,1054,1068,1066,1020,1504,1875,1533,1522,1787,1748,1558,1492,1273,1394,1255,1402,1312,1289,1140,972,1114,1102,798,707,606,622,665,654,950,746,796,822,843,794,757,686,726,633,582,471,831,892,837,808,831,954,836,833,695,796,756,438,666,[x],[x],588,657,[x],719,612
6213,Air travel assistants,334,249,303,304,283,252,204,293,201,194,205,124,219,225,265,225,291,241,221,211,222,229,246,185,257,204,205,201,228,232,238,262,271,226,273,209,261,317,187,87,79,72,108,79,88,95,68,69,76,72,163,153,156,191,212,209,254,291,259,263,404,339,403,333,424,327,311,310,335,365,364,425,473,299,289,277,679,546,319,303,309,453,203,195,228,236,259,278,325,231,257,220,287,252,216,116,197,202,222,230,220,218,211,166,233,334,204,100,197,184,[x],192,164,149,191,532
6214,Rail travel assistants,359,303,372,329,380,388,374,406,430,357,358,289,384,340,373,286,383,445,374,429,423,489,404,257,421,351,395,361,500,475,507,494,420,521,370,329,479,420,297,169,135,203,240,279,300,287,208,215,244,218,437,346,477,435,606,594,818,675,649,454,641,510,598,522,623,611,647,640,637,694,627,513,564,477,521,440,546,543,426,412,439,336,312,309,476,426,406,397,451,415,457,453,345,393,275,238,399,359,361,386,397,353,383,366,303,339,542,339,356,347,[x],273,284,[x],356,340
6219,Leisure and travel service occupations n.e.c.,299,270,295,298,286,268,221,308,174,216,221,122,254,250,264,204,211,193,212,179,200,229,217,118,281,204,224,158,279,256,251,228,287,228,213,147,242,277,187,120,225,233,188,287,236,408,223,181,211,276,289,232,248,265,298,251,273,280,205,198,353,289,308,307,403,336,279,260,265,278,238,242,259,304,251,247,299,259,168,152,149,133,116,167,196,170,174,196,222,220,178,152,148,160,145,120,191,231,213,184,199,188,183,159,156,286,184,86,158,145,[x],148,213,166,151,158
6221,Hairdressers and barbers,898,1286,1396,1345,1269,1108,1027,990,1108,979,808,391,993,946,921,876,897,1004,1262,818,1363,782,680,345,590,513,653,657,721,724,702,743,909,830,898,486,764,888,654,247,243,667,686,502,563,338,360,277,185,220,699,719,707,569,612,532,738,610,477,291,501,531,561,456,786,779,752,698,654,841,579,391,585,513,637,556,731,604,335,445,295,238,256,227,400,394,436,874,1246,1106,1128,977,1008,935,678,307,704,828,856,800,891,910,856,794,859,971,710,270,724,715,[x],709,746,724,774,596
6222,Beauticians and related occupations,3497,2591,3434,2831,3557,2695,2018,1840,1752,2180,1847,1129,1961,1848,1818,1934,1975,2447,2627,1863,1770,1723,1575,881,1312,1210,1260,1158,1581,1649,1881,1654,1794,1665,1630,1061,1653,1626,1301,591,282,360,309,570,588,496,398,356,205,250,690,722,1001,1095,1224,1157,1199,1285,1081,1016,1208,1224,1206,1114,1733,1241,1442,1600,1486,1613,1358,1150,1550,1402,1521,1499,1699,1612,934,1014,706,1044,678,837,1395,1188,1165,1586,1851,1771,1683,1616,1429,1415,1062,621,1160,1315,1485,1483,1666,1577,1580,1519,1406,1469,1255,558,1298,1198,[x],1252,1289,1231,1263,1087
6231,Housekeepers and related occupations,1531,1920,2431,2627,2916,2741,2516,2468,2364,1806,1667,1370,2591,2030,2043,2407,2396,2720,2734,2901,2964,1439,1297,837,1267,1150,1299,1328,1418,1986,1950,1674,1692,1612,1610,1214,1778,1989,1763,1681,1503,1254,1382,1570,1954,1787,1483,1130,1299,1084,2033,1618,1946,2227,3464,2242,2434,2386,2600,2222,2979,2763,2841,2905,3544,3548,3563,3659,3128,3185,3894,3084,3305,3141,3426,3044,4141,4237,2717,2710,2326,2000,1998,1610,2349,2144,2266,2668,3064,2701,2962,2829,2648,2493,1930,1364,2393,2284,2598,2520,2805,2746,2648,2533,2724,2348,2157,874,2120,2097,[x],2211,2260,[x],2246,2157
6232,Caretakers,1084,926,1146,917,1138,1437,1082,947,1093,1258,1036,1019,1458,915,1024,870,906,1140,997,850,986,1072,1068,665,1095,847,1305,855,1472,1128,1098,898,1068,1036,990,826,1159,1299,1064,599,617,661,743,702,1194,1145,884,902,927,796,1251,1003,1382,1420,1567,1317,2005,1684,1671,1512,1798,1546,1698,1483,2044,2017,1953,1719,2036,1986,1763,1321,1682,1385,1438,1200,1491,1620,1149,980,1215,1109,1199,1068,1427,1136,1108,1287,1264,1349,1297,1007,1323,1158,1117,705,1161,1057,1118,1000,1209,1207,1175,976,1265,1237,1130,512,1147,950,[x],1013,1130,[x],1064,919
6240,Cleaning and housekeeping managers and supervisors,1547,1672,2103,1991,2013,2218,2945,1881,1816,1374,1537,1227,2121,1722,1857,1539,1441,1868,1747,1846,1827,1922,1486,1124,1611,1402,1468,1664,2019,1981,1859,1946,1748,1800,1660,1162,1716,2046,1372,938,745,820,1037,1160,1575,1347,901,938,842,924,2146,1982,2636,2988,3099,2784,2898,2932,2699,2239,2932,2965,3334,3175,3477,3040,3299,3038,2816,2893,2578,2189,2724,2352,2645,2261,2896,2780,1713,2034,1565,1475,1408,1387,2006,1840,1847,2635,2824,2678,2731,2497,2450,2209,1875,1149,2120,2184,2467,2277,2639,2536,2391,2343,2332,2337,2243,991,2399,2109,[x],2631,2486,2207,2751,2373
6250,Bed and breakfast and guest house owners and proprietors,18,8,21,19,21,20,15,17,10,11,7,13,15,14,29,13,14,8,16,14,9,12,8,12,13,15,16,23,29,21,24,30,13,20,15,19,18,28,14,20,14,8,10,16,12,11,3,2,9,6,12,22,21,21,37,21,23,20,20,19,28,14,26,23,12,14,25,24,31,29,20,15,30,28,26,13,21,20,11,11,8,6,11,14,12,18,15,19,18,16,13,18,10,11,9,4,7,17,14,11,14,15,12,15,9,18,10,5,19,23,[x],6,27,13,17,13
6311,Police community support officers,43,35,30,37,47,52,56,61,49,36,67,33,42,43,46,43,51,45,34,39,50,45,32,35,72,70,47,42,65,62,35,59,48,66,38,31,42,43,43,43,32,24,26,40,33,45,33,20,30,22,47,32,42,20,43,47,45,45,35,42,58,58,52,64,77,55,79,80,68,82,55,58,58,36,34,37,40,81,43,44,39,48,31,39,51,38,40,45,25,36,45,35,51,38,28,18,30,73,86,30,46,39,35,44,41,31,28,12,28,20,[x],36,40,29,23,24
6312,Parking and civil enforcement occupations,378,325,420,360,364,368,262,283,244,290,255,161,241,241,225,193,185,311,289,340,294,298,286,179,295,256,259,259,336,315,307,274,244,278,213,168,288,293,212,126,69,197,240,288,269,322,223,188,179,206,344,276,331,356,450,370,407,441,435,369,476,465,548,377,533,394,480,421,370,404,372,346,428,396,408,377,426,488,305,250,193,216,180,203,278,232,257,322,354,357,364,379,404,455,373,236,407,326,493,386,392,393,364,409,385,324,261,147,253,316,[x],317,285,[x],338,284
7111,Sales and retail assistants,9378,7712,11000,10172,10402,10619,10846,10443,10246,9587,9972,5551,10313,9067,9989,8424,8819,9836,9658,10370,11942,11919,9995,5972,9099,7284,8860,8014,10645,10735,11272,10178,10786,12367,10074,7032,9538,10953,9047,2974,2310,4135,5875,6754,8289,8880,6138,5287,4229,3874,11352,9728,12819,13812,16645,16294,20496,21476,17267,13348,20472,16499,18280,16994,18101,17271,17979,17159,17541,18747,15101,11888,14621,12884,13662,12289,15243,15243,9402,10946,8383,8310,7663,4891,8353,7781,7963,10808,12078,10956,11187,11939,11600,12298,8300,4262,8285,8472,9660,9548,11195,10597,10145,10737,12545,12809,9588,3626,8399,7910,[x],9133,9916,[x],10148,10301
7112,Retail cashiers and check-out operators,510,400,528,538,553,598,389,589,597,691,575,270,486,490,562,402,708,709,756,736,869,919,615,254,329,193,242,287,672,772,527,652,776,864,732,366,525,697,878,150,135,235,307,346,427,1010,479,280,195,248,376,357,336,437,535,566,557,627,502,563,656,363,482,499,649,581,519,528,699,551,428,308,410,325,457,459,447,517,296,358,281,202,169,121,185,171,191,293,372,313,296,325,294,292,184,115,184,218,237,217,262,236,257,266,239,312,195,105,190,209,[x],207,206,[x],[x],244
7113,Telephone salespersons,3598,2996,3859,3302,3277,3335,2257,2843,2303,2134,2094,1358,2306,2070,2017,1748,2125,1934,1692,1824,2187,1941,1712,1127,1926,1627,1990,1555,1947,2026,2048,1678,1859,1985,1649,1433,1920,2186,1607,878,586,674,799,910,944,1187,902,916,884,958,1851,1197,1557,1567,1547,1371,1622,1628,1421,1226,1610,1383,1646,1220,1660,1498,1310,1342,1182,1141,1122,821,1120,992,930,839,1074,1091,778,759,583,605,624,535,816,693,715,883,1096,917,946,752,823,712,609,319,695,859,811,698,877,799,773,753,719,786,751,334,733,553,[x],638,655,686,598,643
7114,Pharmacy and optical dispensing assistants,1438,1177,1641,1601,1660,1284,1130,1619,1621,1337,1835,1041,1697,1666,1384,1270,1668,1618,1843,1525,2300,2196,2074,1891,1835,1943,2228,1873,2521,2177,2063,2097,2065,1980,1784,1503,1765,2845,1827,1131,1032,1019,873,1028,1274,1480,1329,1474,1398,1447,2016,1663,1886,2165,2695,2367,3187,2772,3076,2123,3729,3071,2538,2618,2734,2719,2836,3014,2931,3032,2991,2745,3017,2408,2997,2359,3264,2937,1827,1833,1491,1663,1725,1339,2048,1984,1808,2640,2959,2331,2573,2269,2203,2105,1731,1277,2012,1946,2158,1859,2235,2135,1862,1858,2003,1917,2123,924,2101,1766,[x],2008,2008,1711,1869,1668
7115,Vehicle and parts salespersons and advisers,2310,1699,2306,1811,1935,2052,1506,1691,1583,1539,1456,1288,1656,1372,1674,1457,1494,1664,1457,1528,1622,2065,1717,1182,1933,1703,1761,1592,1933,1789,1988,1626,1597,1645,1617,1347,1954,1826,1293,760,485,429,594,602,914,1067,579,767,589,802,1289,1263,1497,1561,1641,1516,1516,1436,1394,1077,1579,1445,1411,1285,1647,1629,1598,1608,1291,1371,1410,1010,1430,1034,1150,1039,1160,1175,876,822,646,704,728,676,987,877,822,1099,1026,961,992,905,949,824,632,488,917,1032,939,1015,1019,1005,889,900,928,954,863,420,813,715,[x],838,819,876,786,788
7121,Collector salespersons and credit agents,826,661,774,635,1120,1148,778,634,587,1218,890,722,1172,875,930,725,464,791,617,527,654,540,532,412,694,574,743,695,686,833,533,677,541,530,476,312,530,541,676,296,182,324,306,387,420,482,373,267,219,179,428,284,391,435,697,533,362,783,620,617,676,784,527,923,549,866,658,456,648,584,513,394,710,560,312,331,368,607,344,252,370,521,696,168,817,492,528,726,549,360,467,373,411,423,326,211,387,480,391,410,546,[x],[x],536,561,520,448,276,501,419,[x],481,382,[x],394,492
7122,"Debt, rent and other cash collectors",1351,1155,1397,1224,1300,1415,1032,1088,956,1056,963,722,1150,1049,985,948,994,1168,993,1084,1060,1170,901,725,1106,1056,1058,889,1369,1279,1367,1188,1126,1092,1092,868,1225,1195,1087,547,328,381,756,646,866,981,944,758,920,891,1353,1124,1195,1337,1327,1381,1542,1721,1475,1279,1731,1567,1476,1300,1688,1531,1509,1513,1392,1370,1286,1070,1431,1249,1197,1138,1216,1386,958,907,757,671,748,624,905,727,726,839,1000,953,912,910,954,945,708,420,799,850,870,761,936,864,906,1009,994,905,892,413,852,[x],[x],782,879,758,781,691
7123,Roundspersons and van salespersons,146,152,166,168,189,198,313,115,152,156,131,78,177,132,181,109,155,114,174,103,156,100,180,72,167,139,153,83,112,151,149,110,134,175,262,105,145,216,111,137,105,93,89,123,131,133,133,199,194,102,174,113,144,123,141,157,131,116,108,93,112,150,178,152,145,122,149,132,135,122,135,100,148,119,116,97,134,141,77,68,58,46,53,50,66,85,103,92,119,86,82,78,71,103,78,37,73,73,112,97,85,87,76,84,88,86,76,42,86,94,[x],101,82,106,83,87
7124,Market and street traders and assistants,217,186,210,201,229,224,163,208,167,225,198,141,239,229,168,150,160,311,288,221,247,194,152,127,156,122,168,121,187,202,211,179,197,220,131,107,176,169,139,80,65,79,100,171,168,220,124,90,92,104,194,102,172,159,201,188,188,188,179,154,223,188,214,181,225,192,220,223,216,197,204,139,150,164,192,157,187,168,131,124,115,175,145,98,157,142,126,142,196,141,148,198,229,188,172,100,207,276,227,182,271,279,296,191,221,313,299,87,216,199,[x],156,193,189,[x],[x]
7125,Visual merchandisers and related occupations,190,162,194,189,182,218,184,207,204,217,149,120,204,145,183,141,133,171,193,147,138,149,115,113,174,154,161,121,176,162,170,141,119,124,129,109,154,181,94,17,26,14,74,46,76,83,69,34,52,35,115,92,102,114,123,174,132,192,137,115,154,192,199,208,200,183,249,209,244,205,144,137,167,156,162,121,161,233,132,147,130,100,71,100,208,143,85,152,152,143,186,161,148,160,101,51,123,112,120,104,131,146,135,127,139,167,118,59,130,116,[x],106,97,116,[x],132
7129,Sales related occupations n.e.c.,3099,2762,3443,2855,3020,3442,2525,2787,2329,2962,2177,1914,2527,5343,2562,1917,2108,2176,1887,2168,2432,2261,2088,1432,2305,2047,2070,1837,2342,2510,2685,2284,2189,2184,2349,1882,2587,2839,2202,1291,1987,2296,2577,1794,2057,3564,1912,2473,2510,1598,3024,2091,2694,2479,3844,2689,2550,2620,2413,3625,2972,2603,2945,2361,2966,2634,2624,2607,2390,2395,2190,1872,2254,2109,2097,1755,2053,2091,1481,1469,1254,1304,1238,1152,1680,1410,1348,1763,1967,1768,1814,1718,1613,1493,1375,883,1576,1699,2960,3957,3129,2115,1828,1743,1586,1839,1687,813,1580,1559,[x],1492,1521,[x],1435,1418
7131,Shopkeepers and owners - retail and wholesale,1001,821,983,810,877,1126,744,1033,907,926,876,660,1012,860,911,755,867,840,818,741,838,868,778,550,795,635,683,546,808,816,854,747,696,621,653,499,659,650,737,502,545,491,426,338,363,340,295,271,340,294,526,762,553,573,882,575,624,1030,726,591,888,688,640,619,830,876,880,908,773,951,792,690,881,716,849,736,1771,1284,862,684,887,730,953,557,739,617,644,655,645,560,568,614,611,613,474,289,380,432,534,509,610,515,520,537,479,972,490,[x],541,329,[x],589,453,1626,968,911
7132,Sales supervisors - retail and wholesale,2357,1702,2098,2263,1932,2023,1753,1994,1788,1851,1740,1159,1836,1569,1718,1580,1695,1842,1878,1907,2058,1876,1485,968,1563,1168,1384,1075,1750,1776,1961,1742,1793,1808,1496,1187,1659,1581,1265,541,427,800,822,862,1053,1202,831,807,765,755,1684,1505,1811,1923,2106,2147,2125,2246,2166,1825,2316,2059,2488,2091,2421,2395,2426,2477,2244,2613,2374,1787,2335,1875,2191,1841,2278,2480,1768,1970,1559,1467,1311,976,1417,1244,1222,1618,1759,1553,1780,1608,1625,1416,1139,701,1273,1249,1312,1638,1783,1421,1441,1328,1283,1308,1113,496,1062,939,[x],1113,1198,[x],1153,1269
7211,Call and contact centre occupations,2736,1901,2585,2146,2264,1783,1670,1870,1946,1825,1598,1124,1817,1508,1445,1427,1503,1617,1457,1602,1769,1738,1506,1163,1620,1364,1476,1267,1613,1627,1815,1696,1496,1611,1488,1223,1572,1830,1481,786,607,655,846,961,1091,1190,1200,1084,1034,956,1683,1207,1789,1797,2123,2117,2340,2373,2192,1959,2445,2035,2420,1809,2267,2137,2144,2072,1931,1968,1897,1561,1845,1745,1603,1445,1658,1632,1288,1184,904,935,904,784,1087,936,968,1147,1187,1226,1336,1187,1058,990,809,611,1207,961,977,924,1036,954,976,884,981,1004,977,510,1006,768,[x],761,1002,835,840,888
7212,Telephonists,164,170,201,184,160,148,133,121,143,103,109,80,122,101,100,114,117,116,101,116,130,141,101,58,118,111,121,100,125,121,124,82,104,113,112,84,118,123,80,43,31,33,48,59,64,74,55,72,59,70,105,77,89,119,128,137,176,147,152,123,144,156,125,156,154,144,158,164,143,162,145,136,150,113,146,132,116,135,104,104,75,101,84,59,102,87,67,80,106,65,102,63,80,85,73,38,71,59,83,61,63,52,61,60,58,49,64,18,69,64,[x],53,43,[x],63,41
7213,Communication operators,677,647,662,669,661,676,620,676,615,635,658,493,815,672,675,662,623,662,703,610,575,676,735,466,759,710,796,609,821,837,788,683,671,717,659,436,733,778,733,279,263,433,464,513,493,528,489,518,543,510,931,502,685,705,893,766,998,993,905,844,1111,1011,1055,919,990,966,1022,921,887,1018,817,666,811,748,772,591,742,718,582,541,403,449,398,379,547,443,411,453,496,437,519,386,455,411,353,278,378,505,428,362,465,351,463,324,404,342,374,186,379,315,[x],349,362,[x],336,347
7214,Market research interviewers,848,455,1066,497,863,1316,1004,843,986,829,711,415,1306,612,932,685,468,755,822,664,1078,1055,1138,477,1063,886,1291,1098,658,512,551,787,898,959,640,718,1022,1249,729,232,150,796,184,238,396,335,682,189,331,1268,819,741,625,1378,877,1298,878,1301,1534,536,963,875,1095,961,1653,1608,2106,1715,1317,1544,734,664,1261,509,366,457,2337,1401,860,1129,563,662,911,623,738,704,667,485,607,408,690,679,554,537,541,534,736,531,881,804,778,[x],[x],548,1034,800,931,[x],1059,659,[x],891,983,[x],929,1278
7219,Customer service occupations n.e.c.,19193,13431,18172,15074,14829,14668,12847,13880,13367,13103,12353,8678,13286,10927,13007,12062,14811,14408,13126,15019,17070,17057,13498,9460,13988,11156,12746,11173,14646,14377,16129,13219,14015,15713,13058,10223,12768,14359,11084,5410,4008,6935,6821,7330,8837,10512,7823,7516,7557,8380,14699,10909,14745,15723,16563,16807,18773,19468,17949,15711,21884,17537,20329,17016,20111,19480,19151,19056,17962,18041,16541,12622,15246,13342,14083,12382,14747,15373,10863,10721,8549,8229,7883,6543,9753,8152,7847,9842,10262,9032,9422,8921,8616,8332,6772,4276,7343,7741,7906,7121,9231,8989,7840,7610,7890,7876,7220,3762,7417,6010,[x],6549,7166,7190,7147,7257
7220,Customer service supervisors,1245,971,1179,955,1009,892,749,868,800,800,745,581,915,745,808,695,862,948,1003,1140,1134,1287,1130,784,1058,906,910,779,1020,975,1099,964,1002,1237,840,756,1036,984,819,524,425,600,699,570,719,839,826,637,900,773,1185,855,1230,1507,1537,1344,1546,1573,1534,1461,1609,1490,1687,1597,1633,1470,1503,1453,1355,2149,1488,1710,1390,1593,1411,1132,1639,1309,960,880,714,634,703,529,767,727,748,858,980,842,901,865,749,713,631,422,742,796,813,749,772,801,735,858,1006,829,985,382,849,659,[x],744,866,685,818,744
8111,"Food, drink and tobacco process operatives",2945,2519,3101,3200,3773,4040,2989,3517,3895,3691,3102,2201,3114,2409,2651,2702,3116,3390,3465,3689,4172,4203,5101,3244,5050,4288,4670,2833,4109,3854,4569,4039,4245,4026,3656,2787,3251,3353,3102,1959,1716,2062,2600,3380,4333,4836,3652,3256,3338,3094,5599,4744,5542,6590,7516,6692,7540,7614,7115,6086,7818,6799,7189,6083,6862,6574,6433,6519,6227,6333,5818,4177,4976,3996,4226,3841,4488,5307,3521,3696,3122,2910,2580,2032,3197,2504,2536,3512,3789,3554,3816,3866,3914,3696,2782,1686,2932,3093,3258,3121,4062,3616,3884,3833,3982,3979,3556,1633,3306,2713,[x],3153,3441,3223,3797,3639
8112,Textile process operatives,1575,1551,1945,1711,1867,1976,1724,1638,1622,1673,1645,1230,1666,1677,1914,1447,2001,1683,2469,2744,2226,1909,1654,1098,1738,1493,1825,1850,2565,2231,2317,1523,1840,2305,2169,1496,2128,2146,1850,1684,1173,1056,1350,1261,1477,1727,1695,1071,1250,1194,1944,1741,2019,2061,2680,1786,2174,2148,2072,1789,2319,2088,2331,1879,2381,2024,2048,1970,1988,2148,1898,1649,2098,1665,1730,1562,1904,1997,1350,1370,1121,1111,1239,1114,1443,1330,1285,1578,1531,1412,1471,1389,1361,1167,943,657,1233,1326,1239,1254,1572,1367,1477,1329,1689,1416,1575,728,1357,1373,[x],1379,1325,[x],1326,1340
8113,Chemical and related process operatives,1184,1143,1379,1202,1168,1231,1061,1088,1113,1040,1036,818,1200,1215,1177,930,1060,1135,1119,1042,1012,1006,1052,704,1150,1018,1059,786,1178,1152,1200,1041,1018,1173,1149,819,1202,1172,1070,602,574,630,638,981,895,903,820,803,872,789,1549,1020,1234,1224,1204,1070,1135,1199,1169,1001,1289,1180,1201,945,1296,1113,1146,1089,1240,1218,1035,949,1148,922,1269,818,1261,1116,754,746,627,627,677,657,825,688,679,790,751,762,630,624,701,648,592,431,671,779,727,712,846,741,792,806,738,740,742,390,670,608,[x],623,721,660,815,715
8114,Plastics process operatives,373,346,461,355,350,437,327,326,283,359,294,252,418,342,313,324,344,313,313,306,303,336,235,223,335,310,305,236,344,328,412,264,313,325,374,287,363,374,260,193,132,207,196,193,308,376,298,313,414,420,509,409,341,363,365,298,320,351,347,326,389,442,413,351,404,346,359,370,356,346,338,277,309,258,266,215,236,293,220,188,185,178,196,181,291,211,203,256,263,219,216,216,200,170,141,82,168,187,188,151,188,[x],[x],230,212,244,281,139,265,229,[x],207,193,[x],177,223
8115,Metal making and treating process operatives,1891,1655,2066,2002,2145,2649,2406,2350,2157,1965,2027,1465,1984,1803,1828,1734,2154,2715,2388,2655,2605,2624,2451,1413,2232,1820,1824,1729,2495,2426,2775,2702,2828,3066,2504,1965,2172,2292,2273,1112,787,1196,2055,2925,3038,3386,2389,1905,1990,1893,3502,3238,3312,3630,3802,2891,2883,2819,2767,2076,2592,2262,2754,2278,2880,2569,2702,2823,2544,3477,2371,1892,2007,1756,1639,1737,2197,2670,1934,1815,1719,1600,1557,1226,1752,1334,1657,1794,2133,2216,2778,2457,2324,2078,1652,981,1565,2010,2084,2214,2968,[x],[x],3456,2967,2934,2914,1162,2399,1890,[x],2554,2418,[x],3024,3166
8119,Process operatives n.e.c.,322,332,435,392,387,391,533,410,335,345,375,237,360,418,340,334,363,534,336,329,398,413,392,221,382,289,274,274,354,339,322,281,308,312,329,215,303,376,282,169,113,171,211,268,304,314,246,212,292,239,432,331,332,332,363,335,361,345,299,255,372,301,358,292,394,359,383,404,400,433,358,312,365,312,332,261,303,389,266,264,215,217,200,225,237,234,249,302,342,305,361,341,312,270,239,132,235,282,255,226,256,261,286,254,298,327,269,146,270,235,[x],239,291,286,314,332
8120,Metal working machine operatives,1013,1241,1549,1381,1346,1473,1091,1134,1079,1163,1059,813,1233,1092,1065,970,1204,1425,1254,1229,1064,1173,1091,752,1163,963,1008,871,1254,1274,1222,1231,1478,2169,1963,1341,1269,1411,1286,813,769,821,794,655,875,907,767,658,727,651,1118,899,1121,1221,1181,1017,1367,1518,1332,1023,1594,1319,1420,1226,1514,1293,1480,1475,1351,1386,1335,1236,1535,1269,1286,1154,1319,1308,765,932,696,686,624,777,1064,933,940,1333,1406,1203,1254,1347,1282,1166,1026,598,1104,1144,1241,1239,1377,1221,1257,1175,1336,1187,1139,566,1147,928,[x],1039,993,[x],1104,1002
8131,Paper and wood machine operatives,742,723,887,870,899,884,775,831,710,806,785,587,905,1022,804,661,793,824,674,782,845,878,724,523,896,706,675,664,1016,1000,1033,846,763,720,785,502,718,911,689,449,299,377,439,490,588,593,1596,455,601,545,1058,853,3613,791,895,775,830,808,798,739,966,817,934,788,979,860,885,921,908,863,771,562,812,732,743,662,775,864,642,612,547,568,509,462,646,638,577,672,660,711,624,603,681,581,479,310,534,621,589,516,668,[x],[x],719,613,557,572,300,535,458,[x],506,539,541,545,522
8132,Mining and quarry workers and related operatives,2314,1882,2421,2279,2484,2526,1946,2081,1995,2150,2081,1340,2429,1887,1792,1594,1611,1904,1762,1646,2021,1982,2068,1593,2019,1784,1860,1643,2538,2187,2216,1903,1767,1975,1935,1362,2316,2222,1918,1207,1086,1138,1383,1684,1536,1632,1325,1264,1424,1411,2230,1836,2073,2326,2414,2215,2209,2270,2065,2026,2527,2331,2670,2335,3016,2724,2745,2786,2706,3137,2766,2127,2843,2428,2258,1985,2238,2509,2020,1723,1340,1411,1488,1306,2305,1653,1907,2170,2487,2166,2600,2184,1996,1964,1591,976,1771,1984,2084,1815,2093,2095,2175,2046,2084,1944,1839,814,1701,1512,[x],1713,1695,1588,1903,1690
8133,Energy plant operatives,925,813,998,851,888,971,754,855,828,794,788,555,761,712,844,728,805,777,803,784,833,804,690,446,782,611,681,647,902,846,856,816,855,918,918,645,796,801,746,431,295,441,642,810,884,1013,677,545,595,505,864,779,860,891,1048,836,830,870,863,641,759,699,869,688,966,777,861,878,803,857,783,618,678,643,700,632,717,711,629,530,573,486,477,376,640,432,492,583,612,615,645,579,646,633,584,296,516,621,603,559,724,[x],[x],685,732,679,675,296,592,465,[x],582,562,[x],657,529
8134,Water and sewerage plant operatives,796,573,677,572,587,569,457,499,508,526,614,391,557,498,526,519,541,573,515,474,549,533,501,413,675,565,632,595,760,840,849,712,908,965,842,622,874,977,713,450,374,539,627,628,736,803,651,595,767,656,977,801,952,798,947,724,785,974,790,742,1078,848,830,640,918,792,897,841,862,962,1007,780,1068,837,857,789,862,910,634,657,608,505,612,496,739,639,584,676,779,698,737,666,661,667,616,423,759,807,624,601,723,[x],[x],671,725,682,593,404,721,592,[x],648,577,[x],579,625
8135,Printing machine assistants,561,466,633,604,633,729,655,667,627,566,564,405,582,505,509,560,549,596,661,570,583,589,495,317,486,407,525,418,582,542,616,553,516,538,522,447,516,575,412,261,172,202,315,436,406,555,388,343,392,386,578,455,528,605,643,633,697,750,714,519,750,622,714,613,684,628,709,637,589,705,594,414,524,454,533,407,504,574,442,466,391,341,370,270,432,348,341,440,458,481,486,456,404,481,399,195,377,391,389,354,464,425,447,427,487,413,369,144,362,345,[x],343,376,319,350,347
8139,Plant and machine operatives n.e.c.,1183,1036,1293,1174,1230,1421,1183,1124,1137,1135,1142,990,1426,1175,1211,1138,1143,1196,1124,955,1000,1090,1000,736,1098,956,1079,939,1347,1593,1584,1254,1176,1082,1064,786,1097,1258,1102,828,619,775,702,770,934,1073,825,772,1001,956,1607,1304,1258,1358,1602,1208,1249,1304,1203,1256,1462,1353,1525,1279,1510,1617,1596,1534,1469,1586,1484,1346,1675,1294,1393,1162,1264,1371,1148,962,897,921,832,768,1136,910,961,1141,1257,1015,1113,1155,980,942,904,612,1029,1160,1061,1075,1289,[x],[x],1037,1423,1093,1213,573,1150,961,[x],1116,932,969,1078,1093
8141,Assemblers (electrical and electronic products),673,627,803,775,811,814,573,603,573,537,563,414,660,549,559,582,604,555,654,607,555,632,541,398,731,596,575,473,679,713,766,538,500,568,538,418,552,596,428,309,210,244,307,363,405,404,374,302,558,462,703,542,558,531,652,568,556,585,564,570,762,666,741,644,748,631,669,748,755,781,737,598,845,745,645,569,659,707,497,470,390,398,409,423,556,446,405,490,437,411,481,410,380,353,276,189,463,400,394,390,482,[x],[x],389,415,414,422,196,363,422,[x],420,403,[x],365,396
8142,Assemblers (vehicles and metal goods),606,591,783,678,732,746,650,651,621,628,548,377,596,516,503,522,521,553,591,602,620,576,573,371,694,571,533,555,748,722,828,637,666,727,611,555,699,696,537,304,223,341,447,538,619,770,570,490,664,540,1067,858,889,878,985,858,925,942,853,667,915,879,913,774,1030,815,1007,983,893,879,872,626,904,797,850,677,878,944,710,785,532,555,556,431,678,512,581,763,833,784,878,773,784,652,577,330,665,678,736,600,810,794,813,718,736,754,685,347,725,714,[x],757,793,711,766,801
8143,Routine inspectors and testers,2846,2424,2939,2578,2890,3074,2673,2588,2646,2851,2679,2006,2897,2408,2528,2352,2613,2670,2637,2768,3023,2924,2806,1995,3272,2690,2898,2357,3502,3989,3915,2895,3087,2940,2924,2004,2657,2926,2389,1483,1077,1360,1261,1491,1642,2073,1804,1624,2257,1977,3184,2595,2907,2738,2862,2622,2571,2875,2713,2775,3200,3112,3198,2648,3291,2952,3228,2982,2747,3168,2751,2733,3299,2675,2694,2111,2584,2849,2020,1882,1629,1640,1764,1642,2157,1810,1919,2002,1956,1795,1999,1688,1773,1677,1421,1007,1588,1879,1835,1591,1984,[x],[x],1682,1867,1944,1944,1134,1830,1612,[x],1777,2048,1992,2004,2160
8144,"Weighers, graders and sorters",548,486,582,433,512,605,543,541,529,453,401,351,513,394,517,479,569,610,489,484,555,511,442,247,445,339,384,336,559,580,571,546,519,545,459,366,388,426,478,203,173,259,369,422,419,528,397,317,272,320,657,645,605,601,751,511,575,499,551,599,560,509,596,495,604,536,550,580,503,637,445,349,447,368,439,408,470,533,325,362,282,225,263,220,296,252,294,352,432,345,397,385,317,351,280,227,282,387,426,359,517,461,426,451,399,397,349,182,332,319,[x],412,410,[x],443,431
8145,"Tyre, exhaust and windscreen fitters",313,327,487,366,423,393,372,351,340,387,292,295,300,318,355,273,390,371,363,351,388,404,334,235,294,256,194,236,269,252,269,238,286,279,246,175,266,374,213,106,100,181,201,287,349,347,219,194,176,186,346,269,293,392,547,367,453,463,567,411,522,463,583,421,600,455,473,482,438,687,495,580,667,567,612,519,649,755,395,435,216,299,264,227,527,295,362,529,626,662,661,608,556,622,484,261,492,579,632,472,603,582,622,587,598,540,618,295,860,809,[x],657,620,588,639,551
8146,Sewing machinists,478,530,596,543,583,583,461,474,442,509,497,337,464,471,467,383,369,420,362,355,428,411,361,287,479,384,425,317,525,461,489,384,396,406,490,337,425,477,368,536,299,300,364,315,442,484,362,306,330,316,673,484,541,497,546,442,577,506,413,390,488,492,538,451,631,497,543,513,460,494,391,362,484,400,435,384,462,461,260,276,215,239,273,237,352,277,299,473,491,391,375,330,309,309,244,171,327,321,356,308,399,324,303,295,333,330,248,98,331,294,[x],313,310,305,254,298
8149,Assemblers and routine operatives n.e.c.,1218,1061,1279,1179,1232,1267,993,1193,1067,1051,975,662,1008,941,1000,923,998,1108,1021,1086,1269,1318,1280,732,1417,1039,1043,887,1197,1219,1401,1136,1106,1176,1240,917,1056,1269,1014,683,525,626,713,779,1028,1080,781,685,936,834,1627,1165,1545,1768,1852,1616,1831,1658,1624,1350,1926,1642,1636,1454,1746,1533,1576,1452,1433,1389,1168,1006,1318,1039,1137,958,1222,1291,893,945,742,724,647,592,892,732,773,917,932,924,909,875,846,798,630,368,733,763,774,654,908,[x],[x],809,853,859,750,357,811,704,[x],726,798,807,869,783
8151,"Scaffolders, stagers and riggers",213,241,387,414,406,451,470,406,345,292,253,140,191,220,227,274,340,377,332,265,248,285,190,111,206,226,366,259,419,315,368,283,252,226,216,126,284,242,215,98,80,121,199,288,352,301,252,222,480,187,418,348,327,300,359,309,273,264,352,185,269,262,369,284,500,500,488,441,401,390,360,207,296,376,367,444,553,561,296,252,203,134,92,103,180,166,198,369,501,486,540,436,395,373,287,69,214,319,365,313,455,471,466,402,292,258,211,93,210,225,[x],321,324,254,401,340
8152,Road construction operatives,275,355,461,487,456,397,383,350,293,313,321,250,368,369,386,365,331,326,357,328,310,287,263,162,375,303,268,259,391,296,382,349,289,314,305,229,360,448,384,237,232,358,414,375,474,457,365,285,375,434,555,463,501,516,504,458,459,452,425,451,587,496,551,377,654,498,527,567,418,455,424,374,537,426,553,462,579,554,417,382,268,282,304,258,416,332,329,519,531,529,497,511,608,550,443,314,651,690,918,586,695,540,666,650,597,520,525,206,448,558,[x],475,534,[x],686,565
8153,Rail construction and maintenance operatives,77,69,75,71,65,77,75,70,74,83,112,69,97,57,70,84,88,73,69,105,68,108,46,37,80,70,80,69,77,64,104,63,65,86,122,88,122,177,164,53,61,78,126,134,128,174,100,77,101,88,163,142,144,140,181,143,118,92,113,99,182,106,149,113,156,132,175,194,210,217,167,79,227,158,120,108,134,140,106,110,87,76,125,80,153,111,96,139,118,114,141,105,123,118,79,60,98,144,126,112,207,[x],[x],184,147,130,182,60,131,95,[x],168,171,167,111,[x]
8159,Construction operatives n.e.c.,1762,1961,2675,2339,2437,2183,1930,2016,1869,1897,1601,1040,1882,1625,1706,1582,1633,1888,1798,1827,1974,1885,1604,1079,1801,1411,1641,1475,2017,2041,2226,2084,2170,1970,1769,1339,2002,2401,1880,1083,974,1135,1743,2016,2128,2185,1820,1516,1943,1909,3439,2515,3119,2919,3092,2916,3237,3065,3125,2655,3443,3357,3493,2740,3610,3391,3549,3614,3225,3357,3329,2576,3055,2770,3013,2467,3135,3316,2285,2297,1737,1651,1793,1554,2452,2075,2049,2715,3197,2833,3044,3159,2756,2628,2200,1424,2350,2771,2695,2373,3039,2869,2985,2763,2830,2602,2638,1489,2695,2305,[x],2476,2525,2285,2777,2627
8160,"Production, factory and assembly supervisors",512,409,480,445,505,547,414,398,377,347,345,252,391,322,320,310,393,441,361,391,354,365,324,228,377,329,356,300,402,433,434,393,397,486,358,306,412,437,357,220,182,211,306,292,328,354,273,264,346,348,502,372,439,457,438,374,385,405,369,341,456,505,530,433,498,446,575,519,458,489,481,376,454,347,384,351,394,426,311,311,304,278,317,288,389,281,339,416,394,333,381,319,329,304,262,189,297,329,321,360,396,[x],[x],338,349,370,364,168,345,316,[x],310,314,277,331,360
8211,Heavy and large goods vehicle drivers,5843,4316,6254,5457,6648,8750,6653,7740,6647,6323,6311,4719,5878,4411,5050,5013,6373,7319,6914,7901,8642,7777,7045,4131,6306,5212,5438,5585,7491,6737,8065,7342,6577,8718,7386,6936,6482,6137,5972,2748,2058,3295,5649,8470,9076,10016,6914,5023,5355,4755,9737,8632,9816,9655,10288,7455,7077,7034,7076,4708,5812,5381,6429,5265,7426,6481,7282,8556,7150,6134,5119,3760,4037,3311,3743,3414,4913,5711,4108,4366,3348,3074,2942,2221,3567,3462,4007,5696,7544,7662,8847,8367,8090,7455,6236,3279,5346,6356,7525,7606,9905,9619,10505,9950,9597,9371,10712,2929,6340,6329,[x],8486,8239,[x],10280,9271
8212,Bus and coach drivers,746,690,928,781,884,906,612,782,748,703,586,433,545,568,546,568,641,767,588,651,862,703,556,420,687,568,650,623,673,729,909,810,974,1331,952,1037,1173,1033,755,314,311,343,432,510,760,666,491,421,383,432,844,709,745,736,1120,1031,1082,1197,1127,1036,1209,1213,1271,1159,1651,1446,1538,1459,1603,1702,1550,1393,1892,1370,1411,1304,1516,1630,1064,886,664,753,854,870,949,867,778,925,1100,997,969,967,932,934,685,475,754,832,974,672,973,917,833,802,932,975,732,383,820,745,[x],768,807,761,886,736
8213,Taxi and cab drivers and chauffeurs,592,611,865,802,905,1179,3218,882,845,539,776,904,983,1006,803,871,618,671,535,497,421,513,391,313,556,510,596,470,882,625,657,570,602,505,423,383,490,647,579,361,241,399,602,660,595,597,375,289,354,377,976,725,722,699,634,477,411,656,549,317,435,464,614,467,677,581,587,524,468,439,425,403,529,511,3094,377,491,593,399,499,284,421,404,166,306,289,597,498,836,729,696,566,453,503,484,156,337,559,642,660,874,594,604,568,677,467,575,177,739,448,[x],852,532,546,559,621
8214,Delivery drivers and couriers,4477,4104,5661,5372,5902,6460,5028,5231,5787,6035,5639,4313,5487,4969,6095,4715,4816,6056,5335,6522,8236,8309,7115,4535,5066,4742,5446,5488,8032,7859,7162,6539,8074,10456,10195,6559,6929,6769,8207,4302,4086,5059,5621,7281,9604,11752,8422,5848,5878,4995,8366,6975,9149,10092,12009,11133,12170,15862,14268,9221,11474,9674,10564,8281,10595,10426,10351,10933,11492,13445,12596,8299,8672,7004,8232,11181,10277,10455,7825,7406,7772,8848,9314,4295,5691,4674,5157,7523,8892,8325,8798,9065,11270,13005,11228,4209,6425,7170,7935,6868,9190,8305,8528,9876,12187,13109,12511,6076,8183,8526,[x],10053,7999,10538,10261,13415
8215,Driving instructors,319,315,579,258,625,831,812,984,853,593,592,448,539,254,698,642,1150,726,652,740,748,960,827,348,461,243,159,284,292,519,372,294,1627,473,330,488,227,216,2329,244,479,364,278,1436,693,1228,687,868,1606,818,1221,1055,1741,765,1259,769,1000,933,1316,1118,959,754,1802,897,819,875,937,703,928,788,598,1008,1045,592,495,548,604,478,882,648,582,593,871,615,401,532,425,673,639,532,368,491,314,751,1802,101,1438,1724,2428,1170,1665,[x],[x],389,980,1319,684,244,2288,646,[x],1082,1123,[x],646,694
8219,Road transport drivers n.e.c.,1620,1759,2086,1926,2027,2444,2267,2135,1960,1782,1692,1183,1755,1349,1660,1577,1932,2257,2048,2212,2303,2166,1782,1167,1717,1520,1603,1401,1983,1756,1946,1869,2042,2363,2049,1514,1880,1857,1733,827,671,825,1363,1812,1966,2170,1484,1117,1213,1206,1971,1699,1993,2318,2651,2246,2216,2114,2328,1684,2179,2173,2202,1793,2630,2072,2267,2287,2346,2278,1963,1460,1972,1639,1950,1887,1967,2310,1466,1633,1410,1188,1203,843,1338,1273,1206,1623,1927,1748,2196,2077,1842,1837,1491,766,1429,1686,1764,1575,1774,1827,1960,1701,1957,2010,2044,757,1752,1501,[x],1788,1697,1692,1865,1637
8221,Crane drivers,1154,1140,1563,1500,1489,1763,1500,1610,1424,1280,1130,825,1163,1012,1399,1214,1319,1449,1297,1447,1588,1274,1051,715,1249,859,1041,1011,1491,1346,1437,1202,1183,1370,1409,1232,1385,1490,1211,662,484,667,916,1358,1324,1660,1154,837,1132,1043,1756,1343,1394,1484,1647,1270,1351,1498,1446,1070,1307,1292,1418,1070,1472,1391,1445,1547,1367,1373,1274,860,1140,950,1120,986,1081,1197,909,827,728,716,653,479,733,671,681,1001,1179,1036,1139,1174,1011,1090,762,471,759,943,961,932,1055,[x],[x],1051,1067,1011,964,397,930,794,[x],945,1040,[x],1230,1189
8222,Fork-lift truck drivers,1802,1742,2264,2088,2246,2769,2152,2268,2084,2013,1780,1272,1778,1582,1672,1662,2065,2245,1919,2130,2258,1981,1668,1122,1859,1463,1656,1464,1996,1878,2061,1816,1831,2300,2074,1488,1656,1698,1751,1085,871,1109,1480,1840,2252,2588,1972,1366,1883,1680,2748,2325,2367,2492,2548,2134,2178,2279,2181,1616,2415,2289,2678,2167,2757,2342,2597,2439,2226,2484,2184,1507,1655,1481,1556,1391,1586,1949,1420,1334,1212,1134,1081,716,1203,997,971,1438,1719,1623,1715,1726,1775,1696,1248,687,1299,1639,1558,1492,2001,[x],[x],1986,1905,2019,1863,825,1700,1599,[x],1465,1444,1534,1845,1682
8229,Mobile machine drivers and operatives n.e.c.,2272,2556,3673,3915,3751,4198,3980,4050,3207,2862,2458,1709,2442,2264,2584,2716,2975,3288,3213,3283,3037,2547,1966,1284,2426,2090,2301,2201,3347,2726,3479,3153,2653,2312,1954,1561,2067,2493,2089,1174,784,1074,1742,2368,2770,2590,1987,1682,2229,2077,4035,3193,3358,3398,4060,3139,3007,3024,2750,2283,3000,2664,3242,2612,3323,3099,3505,3545,3203,2757,2509,1888,2435,2406,2156,2100,2588,3181,1985,1963,1386,1377,1290,1046,1708,1452,1456,2205,3251,3432,3883,4036,3095,2843,1969,1096,1945,2489,2755,2709,3591,3281,3651,3521,3130,2731,2395,969,2039,2077,[x],2911,2959,2722,3708,3346
8231,Train and tram drivers,235,202,281,206,234,288,215,213,273,180,136,102,174,123,157,148,187,190,160,198,192,168,141,122,144,178,190,157,140,175,214,146,175,187,176,147,190,196,171,95,51,72,135,133,200,204,153,114,132,131,210,159,184,223,204,182,181,183,200,166,227,185,186,180,272,211,219,195,196,198,200,154,175,161,131,116,176,190,143,133,120,104,82,71,120,88,124,144,179,164,201,183,153,135,136,79,135,187,145,133,197,223,253,225,260,244,267,113,177,141,[x],165,169,189,209,191
8232,Marine and waterways transport operatives,502,401,825,428,686,695,596,596,671,603,612,420,743,630,642,565,587,572,507,670,581,593,582,460,653,553,640,477,607,534,572,533,564,572,530,327,618,596,575,242,213,217,197,235,278,299,223,179,245,227,415,333,401,483,510,499,514,525,421,380,595,447,521,422,557,490,519,480,459,458,383,354,396,343,410,327,395,414,306,327,281,262,281,253,354,294,324,293,317,302,285,302,279,247,199,144,239,302,280,298,340,299,300,256,331,315,296,142,275,269,[x],308,273,267,331,286
8233,Air transport operatives,219,158,212,251,214,237,228,145,162,130,143,72,182,156,171,209,188,147,217,203,154,169,172,103,199,141,179,146,210,207,187,176,122,167,127,137,199,225,138,80,43,36,38,52,62,59,61,44,88,77,82,63,90,89,138,128,140,167,165,142,224,286,307,204,280,244,233,201,161,338,226,225,237,203,223,170,169,183,133,121,85,95,108,130,233,169,228,215,206,211,153,121,150,121,157,99,147,131,161,121,153,122,144,128,130,106,126,82,133,125,[x],107,107,114,132,114
8234,Rail transport operatives,230,269,305,273,374,326,317,407,308,310,310,185,254,361,265,243,278,267,233,256,227,242,169,178,269,234,243,155,323,240,322,243,238,291,247,192,293,294,271,185,157,160,245,273,249,256,199,189,218,192,321,214,258,258,310,290,297,307,282,250,347,254,407,301,327,341,334,296,323,343,329,218,266,257,279,286,261,334,220,227,218,232,162,153,207,155,186,242,219,245,272,313,251,239,186,104,161,208,203,156,220,206,238,212,223,239,243,91,202,152,[x],185,471,365,280,264
8239,Other drivers and transport operatives n.e.c.,812,805,960,882,1119,1098,970,1011,1160,1031,886,657,1119,882,1036,903,881,1105,864,1010,1055,1129,971,557,1013,882,896,744,1073,951,933,1085,1017,1169,1106,1047,1014,1233,941,552,430,550,705,851,968,1093,802,648,724,739,1205,974,1034,1011,1285,1005,1252,1163,1169,1097,1309,1134,1107,946,1111,1118,1065,1061,1114,1104,1018,831,1117,998,902,893,1009,1157,828,791,651,666,637,571,825,772,721,897,964,913,918,988,934,932,681,462,821,991,1065,867,1058,929,973,960,942,1006,950,441,881,892,[x],812,842,886,900,879
9111,Farm workers,1147,1375,1732,1611,1789,1999,1562,1747,1346,1381,1124,666,1284,1219,1397,1310,1321,1381,1248,1360,1278,1078,993,579,1336,1066,1130,949,1600,1363,1606,1428,1187,1152,941,737,1115,1256,1099,570,403,474,830,1323,1347,1323,1016,857,1177,1277,2084,1639,1757,1684,1816,1526,1484,1394,1382,977,1465,1225,1262,1073,1411,1289,1370,1394,1372,1208,1151,746,1139,876,1039,1096,1160,1414,948,792,628,576,413,380,667,633,624,1021,1361,1249,1511,1464,1173,1175,870,410,826,1121,1088,1084,1297,1195,1307,1357,1099,996,853,384,903,939,[x],1064,1163,1087,1343,1192
9112,Forestry and related workers,345,379,473,482,583,543,584,618,489,473,419,269,485,416,456,472,432,513,442,499,493,435,408,245,487,364,379,316,523,425,513,433,406,400,375,255,397,418,322,176,153,207,315,346,359,409,291,275,313,335,574,408,531,476,545,505,544,532,534,375,494,467,557,421,564,534,511,556,537,470,395,277,445,428,463,397,458,516,320,373,245,228,259,204,348,338,335,442,454,436,486,470,411,418,269,166,298,399,445,390,408,437,411,362,399,354,298,107,272,295,[x],360,386,359,398,308
9119,Fishing and other elementary agriculture occupations n.e.c.,423,409,556,602,637,644,493,562,507,496,441,301,521,406,600,754,799,803,863,1090,1476,1342,1030,497,704,496,467,448,548,492,524,470,726,757,854,530,877,968,649,374,326,369,617,828,990,735,597,544,478,691,1238,844,1140,1178,1292,1203,1504,1194,1172,1025,1331,1153,1484,1399,1526,1305,1292,1269,1053,1206,1268,1012,1302,1611,1552,1469,1885,1726,757,963,591,675,622,510,864,842,843,1101,1120,1052,1057,1073,1082,1066,824,464,869,1251,1024,985,1094,1158,988,747,718,726,637,227,581,539,[x],703,705,[x],[x],623
9121,Groundworkers,28,24,27,38,23,27,41,58,36,46,26,28,30,37,24,32,23,22,29,20,20,26,20,16,33,29,23,16,30,19,21,14,16,24,21,10,18,31,19,8,11,11,11,25,34,23,23,27,20,26,34,27,25,42,47,39,28,50,24,32,33,21,27,13,26,22,35,16,18,27,29,24,32,18,19,15,20,15,8,8,14,8,8,9,15,11,10,23,25,25,24,16,35,21,12,6,21,27,18,10,20,18,21,29,17,27,14,6,16,15,[x],23,16,27,29,19
9129,Elementary construction occupations n.e.c.,3010,3564,4943,4531,5244,6209,6069,5558,4997,4551,3763,2229,4077,3213,3587,3499,3696,4782,4526,4713,4650,4620,3663,2010,4113,3232,3513,3022,4638,4248,5225,4817,4259,4442,3733,2393,3687,3878,3140,1467,1331,2072,3139,4144,4119,4274,3293,2371,3176,3216,5423,4607,4864,5075,5819,4772,5202,5248,5045,3528,5435,5166,6079,4250,5500,5184,5177,5489,5562,5119,4625,3021,4384,3738,3970,3632,4184,5090,2958,2800,2248,1905,1786,1338,2474,2155,2166,3350,4194,3837,4555,4209,4060,3839,2773,1376,2560,3480,3485,3022,3706,3691,4071,3553,3626,3303,2748,1077,2542,2503,[x],2794,2973,2651,3477,2895
9131,Industrial cleaning process occupations,726,745,921,898,1043,980,991,1023,977,850,763,457,800,733,775,740,743,924,935,963,1020,894,786,497,921,814,830,695,1112,1185,1093,1017,1000,981,1070,666,930,1029,1012,797,599,728,891,1028,1336,1308,998,814,875,812,1332,1169,1281,1522,1732,1555,1688,1640,1601,1285,1709,1429,1490,1278,1520,1436,1477,1546,1536,1519,1375,1001,1395,974,1065,926,1234,1330,858,845,676,639,636,583,905,780,780,1076,1273,1203,1364,1308,1277,1142,906,535,933,1092,1143,1063,1197,1135,1181,1231,1295,1344,1087,473,951,948,[x],1064,1155,1452,4636,[x]
9132,"Packers, bottlers, canners and fillers",985,871,1126,1072,1227,1336,997,1338,1634,1498,1271,848,997,727,791,804,1038,1237,988,1255,1749,1498,1242,793,1100,746,971,848,1159,1158,1124,1177,1341,1671,1376,1125,1021,1027,967,682,624,868,1035,1269,1605,2098,1495,1140,897,811,1491,1368,1643,2001,2523,2517,3083,3219,2992,2308,2765,2017,2210,1708,2170,1867,1946,2074,2456,3122,2435,1429,1348,1074,1183,983,1082,1432,985,960,924,1030,849,636,768,681,703,993,943,911,953,1032,1043,1051,802,360,629,639,762,703,862,855,1028,962,1347,1093,874,360,717,623,[x],651,829,823,868,770
9139,Elementary process plant occupations n.e.c.,2366,2233,2573,2356,2614,3178,2938,2929,2445,2443,2069,1446,2216,1867,2098,2007,2135,2458,2439,2528,2240,2126,1792,1080,1940,1643,1743,1503,2147,2065,2292,1969,1972,2327,1710,1256,1848,2079,1664,1050,779,1076,1344,1845,1685,4217,1577,2838,2341,3088,3179,3359,4500,3780,4021,3146,2259,2285,4486,3246,3613,4465,4528,4514,2540,3581,3663,3592,2066,2086,1932,1399,1966,1631,1723,1530,1732,1890,1297,1231,1168,1026,1051,800,1188,1038,1056,1309,1475,1372,1453,1302,1301,1193,1029,613,1060,1428,1257,1134,1420,1400,1425,1363,1312,1511,1207,553,1230,971,[x],1146,1249,1104,1257,1115
9211,"Postal workers, mail sorters and messengers",1466,1248,1568,1353,1427,1407,1360,1459,1761,1802,1884,1256,1829,1727,1636,1472,1620,1643,1254,1525,1737,1668,1750,1146,1453,1073,1297,1197,1440,1452,1447,1262,1442,1565,1441,952,1089,998,1004,741,595,652,806,769,1062,1455,1286,899,731,628,1098,938,1143,1243,1562,1598,2226,2432,2327,1529,1890,1467,1715,1268,1563,1325,1530,1396,1615,1789,1811,1418,1301,1120,1113,1032,1318,1345,969,982,869,1080,1166,841,915,760,824,1111,1078,1033,1045,1083,1198,1435,1041,491,773,805,998,890,1165,1075,1074,1236,1543,1459,1476,538,1055,825,[x],1034,957,[x],910,910
9219,Elementary administration occupations n.e.c.,1745,1568,2001,1810,1654,1658,1432,1487,1473,1383,1303,940,1549,1415,1657,1462,1602,1613,1789,1656,1771,1463,1466,981,1676,1436,1588,1348,1847,1877,1734,1640,1682,1702,1780,1294,1911,1951,1501,760,555,643,823,900,1042,1084,873,711,745,781,1530,1340,1622,1524,1868,1742,2338,2243,2159,1710,2442,2340,2206,1889,2310,2095,2263,2030,1965,2121,1867,1472,1941,1730,1741,1509,1652,1802,1179,1140,954,1185,956,881,1280,1113,1179,1441,1424,1225,1290,1192,1167,1103,1050,612,1188,1199,1376,1167,1467,1463,1327,1237,1218,1271,1387,551,1175,1041,[x],1054,1209,1055,1128,1184
9221,Window cleaners,243,230,263,263,250,268,208,229,169,246,196,135,200,189,186,172,158,270,201,226,238,152,134,157,148,152,167,163,174,199,223,189,190,172,222,120,172,251,147,141,173,164,144,119,173,133,277,136,93,96,173,127,132,180,235,188,153,185,155,116,179,155,162,122,208,142,215,235,188,188,176,137,196,162,145,161,976,669,183,171,119,70,54,63,130,120,119,176,249,229,222,207,213,177,155,99,162,175,193,164,219,194,183,163,181,163,143,86,162,112,[x],149,183,147,171,149
9222,Street cleaners,67,113,145,130,142,166,136,134,123,135,137,92,137,96,137,112,160,144,127,118,123,134,79,69,117,98,128,110,154,130,134,133,122,127,123,69,96,115,138,142,116,174,136,165,142,177,136,120,130,114,210,124,148,153,229,218,176,183,200,141,166,186,201,185,200,190,252,243,191,253,242,149,170,189,191,220,221,238,116,198,124,112,82,78,110,145,169,128,210,197,194,190,159,191,158,70,137,185,182,158,215,206,202,172,207,215,176,98,167,188,[x],197,192,174,168,153
9223,Cleaners and domestics,6992,7012,8496,8029,8344,8225,7083,7752,7489,6879,6905,4776,7703,6411,6550,5979,5562,7533,7412,7434,8584,8280,7013,4872,7354,5828,7170,5858,7938,7597,8282,7812,7733,7901,7704,5744,8503,9313,9910,8582,7199,7308,8727,8732,10766,9889,8085,6357,7023,6486,9787,8307,10482,11213,12703,12155,13181,13247,13752,11414,15069,13316,14164,12349,14917,13489,14559,14412,13802,14058,13468,11569,14225,11525,12041,10426,13090,13319,9109,9483,7925,7096,7317,6800,10140,8540,8587,11665,13116,12008,12625,12437,12396,11911,10696,6713,11490,11017,12150,10441,12034,12263,11993,11650,12743,11815,11438,5063,11329,9363,[x],11532,10354,[x],19793,13869
9224,"Launderers, dry cleaners and pressers",1131,1722,2151,2076,2045,2036,1771,1914,1848,1884,1508,1082,1611,1194,1237,1017,824,1352,1373,1202,1354,1333,1177,762,1264,964,1070,962,1292,1261,1432,1234,1101,1160,1189,894,1520,1624,1636,1248,1272,1578,1509,1459,1717,1578,1336,1110,1165,1149,1953,1411,1634,2014,2241,2029,2473,2460,2650,1892,2442,2157,2338,1951,2387,2131,2365,2401,2322,2551,2377,2110,2640,2293,2103,1752,2925,2399,1262,1512,1094,882,1001,945,1602,1388,1355,2010,2408,2185,2185,2254,2434,2270,1921,1118,2122,1997,2242,2039,2327,2250,2143,2261,2424,2165,2189,957,2160,1729,[x],1882,1860,1892,3062,2877
9225,Refuse and salvage occupations,407,373,483,468,455,602,494,508,493,484,479,350,501,367,396,383,455,540,518,521,515,414,372,296,471,312,391,402,503,457,532,443,420,483,337,322,346,407,529,350,304,352,396,391,435,478,409,295,306,318,505,441,642,825,980,776,916,811,691,688,1192,778,1012,735,827,805,883,911,776,828,706,569,642,605,623,491,628,760,489,552,416,352,316,269,427,404,359,493,604,569,618,563,498,465,396,219,377,457,545,465,579,563,610,538,536,534,474,177,478,411,[x],483,556,[x],655,523
9226,Vehicle valeters and cleaners,477,603,619,592,613,523,465,439,433,412,452,449,434,349,597,863,430,466,430,498,547,555,544,468,818,534,636,782,833,676,741,602,665,709,708,532,679,764,540,325,326,353,447,491,681,629,355,319,336,478,892,897,1091,1066,1003,1117,1241,1234,1042,765,953,906,964,736,852,766,940,732,698,776,758,658,626,533,593,528,777,758,382,454,353,359,347,265,500,438,481,645,703,640,635,593,538,580,397,298,480,532,650,519,614,591,574,530,526,512,562,237,495,492,[x],570,504,550,594,505
9229,Elementary cleaning occupations n.e.c.,81,90,102,104,122,161,100,104,81,108,87,63,111,111,88,123,99,130,111,99,200,121,131,93,148,115,145,98,157,166,156,120,113,114,157,102,144,180,139,95,108,123,141,108,148,109,81,79,65,86,139,126,127,181,203,149,169,175,191,193,252,205,185,202,225,220,197,266,287,349,275,167,189,188,184,183,214,240,233,254,178,183,190,134,187,167,175,254,244,274,269,279,237,234,221,117,185,207,194,193,225,204,235,312,267,218,216,83,169,172,[x],155,148,[x],195,152
9231,Security guards and related occupations,3758,3819,5070,4133,4637,4208,3571,3385,3345,3550,3896,2660,3725,3032,3478,2848,2906,3708,4213,3753,4283,4405,4672,3041,3664,2987,3694,3338,4772,4229,4185,4164,4295,4469,4403,3264,4911,4998,3958,3853,3100,3434,2977,3521,4765,4163,3574,3155,3149,2866,6086,4353,4883,5399,6965,5728,6417,6635,6572,5294,6227,5809,6569,5523,6369,5476,6777,6278,6465,7256,7293,5878,6197,5560,6225,5191,6648,6785,4705,4850,4504,3956,3826,3212,5194,3930,4277,4979,5357,4945,5403,4966,4536,4285,3714,2278,3795,3660,4273,3649,4424,4538,3871,4136,4604,4309,3840,1721,3680,3424,[x],4330,4408,[x],4045,3856
9232,School midday and crossing patrol occupations,852,605,795,528,671,805,652,468,1202,833,881,578,965,670,833,567,724,985,710,526,983,876,806,530,794,562,709,545,792,888,786,511,1236,1188,1070,752,1190,1152,773,283,296,625,620,521,1645,1358,1101,721,495,572,1344,756,1176,1324,1110,711,2039,1753,1712,1215,1689,1300,1625,1119,1453,1478,1308,856,2169,1784,1706,1166,1724,1255,1364,859,1175,1420,812,650,1292,977,1072,1013,1362,1054,1102,966,1090,1175,1098,653,1640,1437,1239,828,1252,1148,1090,729,1018,1259,908,669,1908,1436,1232,517,1324,1023,[x],1059,1128,[x],1005,708
9233,Exam invigilators,218,225,371,234,129,81,23,32,126,145,175,93,315,284,399,273,226,84,59,46,110,227,251,170,288,360,464,292,422,198,94,96,184,344,324,223,579,631,405,105,29,15,35,62,160,268,236,190,88,30,111,92,116,88,113,79,429,531,575,348,708,675,1077,784,475,193,145,99,445,657,572,375,792,775,999,671,400,179,142,173,313,359,366,488,703,706,833,633,269,168,136,125,519,625,446,229,607,688,789,403,236,[x],[x],104,624,577,462,210,567,617,[x],430,204,[x],128,118
9241,Shelf fillers,181,174,196,238,248,333,280,242,310,387,388,180,239,181,225,232,356,391,409,295,411,496,1261,397,224,127,176,169,478,537,412,394,559,886,1090,331,429,267,475,165,198,175,193,201,505,568,576,330,236,172,319,233,244,360,711,579,792,927,855,720,809,303,386,384,493,414,512,432,479,706,582,497,285,163,232,157,211,345,305,173,251,311,260,172,178,142,145,246,252,276,195,337,374,363,329,232,321,376,296,255,351,456,446,151,521,345,463,159,212,212,[x],203,281,[x],[x],218
9249,Elementary sales occupations n.e.c.,145,62,89,84,230,148,347,123,125,126,161,104,89,315,201,268,323,424,188,259,246,165,205,86,186,136,152,161,241,216,157,178,233,211,203,111,147,178,454,581,374,494,270,184,127,130,83,50,54,31,89,55,74,108,169,97,203,247,168,259,416,139,134,111,100,111,140,108,123,131,121,91,108,65,61,53,73,62,41,51,43,42,69,40,75,51,54,98,76,67,75,65,66,115,242,67,110,104,74,68,78,71,83,83,99,154,96,61,103,91,[x],68,106,101,144,[x]
9251,Elementary storage supervisors,1036,928,1115,969,1044,1060,972,890,924,903,839,575,985,775,939,763,829,879,844,865,913,1034,801,652,1080,918,995,790,1331,1211,1369,1193,1286,1346,1045,917,1258,1420,1053,540,498,681,767,911,1023,1094,829,645,830,798,1611,1206,1493,1710,1778,1771,1858,1771,1636,1323,1808,1746,1747,1600,2039,1727,1854,1791,1545,1712,1408,1236,1557,1377,1456,1112,1421,1454,1016,1160,855,953,887,811,1020,900,937,1256,1267,1013,998,1029,985,1018,867,456,878,938,988,929,1071,1045,1141,1111,1060,1185,1006,507,1056,838,[x],995,973,917,1061,971
9252,Warehouse operatives,7679,7028,8923,8246,10074,31583,13949,10388,10796,13000,10741,5983,8526,6630,7841,7561,8806,9669,9078,10108,13159,13106,11166,6083,9272,6933,8191,7602,11074,10387,10561,10281,10827,13505,11219,7886,8438,9100,8763,5585,4551,6203,7908,9366,12177,15884,12187,7749,8133,7435,13691,11411,14461,16496,19258,18783,22572,24471,22688,15531,19942,16369,18362,15343,19101,17686,18086,18775,21070,24800,20534,12677,12950,11241,12148,10426,12092,13781,9196,9404,9298,9222,8458,5350,8027,6888,7240,9148,10079,9226,10176,9844,10495,10533,7953,3779,6861,7317,8273,7376,9023,8758,9539,9511,10648,10672,9695,3547,7866,6572,[x],7787,8456,7948,9469,8610
9253,Delivery operatives,720,692,875,866,896,1001,901,994,921,834,766,522,843,710,784,703,879,861,808,878,1036,872,948,502,764,594,671,711,975,950,834,791,1116,1149,1189,974,1142,1004,1044,619,402,458,611,718,1039,979,649,607,686,544,1355,963,1419,1426,1564,1512,1748,1727,1472,1191,1409,1175,1285,1209,1381,1264,1185,1217,1071,1141,1117,1006,1071,1055,958,871,1137,1381,1003,722,722,619,595,579,1149,620,1057,874,921,918,1423,839,988,812,571,317,727,719,824,651,749,819,882,882,776,845,766,276,653,556,[x],745,740,[x],872,667
9259,Elementary storage occupations n.e.c.,700,619,790,753,721,882,811,808,674,695,667,460,703,654,701,618,611,778,686,768,792,673,646,447,868,634,617,565,722,706,727,642,676,700,574,412,591,686,691,366,307,331,407,486,566,675,569,446,536,472,861,679,793,756,837,771,824,844,820,710,940,831,898,646,955,828,871,850,853,907,747,594,784,720,773,600,639,769,541,517,377,414,346,319,477,408,478,517,677,518,651,607,604,579,483,229,499,522,513,470,582,552,543,547,550,497,458,214,441,426,[x],477,504,472,564,520
9261,Bar and catering supervisors,1786,1809,2138,2323,2515,2109,1656,1890,1716,1459,1381,1020,1559,1293,1571,1333,1495,1716,1504,1427,1686,1686,1457,983,1331,1377,1424,1358,1653,1580,1600,1599,1803,1641,1669,1133,1694,1722,1088,404,359,574,641,758,772,730,595,499,500,558,1895,1334,1735,1889,2083,1987,2371,1782,1824,1556,2182,2184,2502,2065,2626,2229,2403,2449,2339,2572,2103,1622,2161,2008,2038,1841,2137,2010,1493,1732,1389,1320,1186,1153,1487,1518,1551,2078,2486,1935,2104,2121,2019,2033,1632,854,1666,1870,2054,1871,2140,1972,1956,1984,1991,1980,1738,903,1751,1601,[x],1710,1760,1493,1642,1493
9262,Hospital porters,75,59,81,57,60,83,83,65,72,104,59,87,79,59,65,48,52,65,41,43,54,44,60,51,64,60,75,41,77,55,68,41,51,64,75,56,69,60,200,271,97,73,43,50,82,86,103,74,118,58,100,73,69,78,86,86,126,109,116,163,161,159,138,136,132,108,110,102,112,122,114,87,84,74,88,62,66,77,36,37,35,44,35,33,41,34,34,38,50,26,43,57,36,40,29,23,55,33,28,34,26,26,32,23,30,30,35,10,32,19,[x],36,29,[x],24,29
9263,Kitchen and catering assistants,6940,6748,9880,10616,10761,11869,11173,10577,11797,9929,8052,5386,9633,11202,12407,8773,9488,10166,10402,11828,12810,12429,10894,5490,7502,6550,7415,6965,11130,11522,10860,11218,12219,11301,11470,7242,10547,10304,9202,3692,2845,3424,4351,5540,6670,5621,4732,3195,3059,2772,8985,7455,10855,12566,13455,14000,16809,16057,15348,11450,16515,14625,17515,15943,17912,15649,16407,16034,16031,16603,14065,10798,14505,12487,14120,12467,14437,14431,9927,11750,8746,8141,7675,6889,9988,9949,10010,12716,13303,11419,12143,12483,12550,11408,9515,5184,9173,9793,11233,10154,10878,10600,10387,11133,11634,11564,10040,4051,9268,8695,[x],10027,11210,8801,10237,9397
9264,Waiters and waitresses,3308,3538,5421,6260,5982,4342,3071,3682,3600,3364,3376,1998,3096,2847,3253,2851,2934,3109,2786,2957,3953,3968,3177,1907,2440,2750,3031,3136,3664,3415,3177,4551,4923,4309,4275,2796,3649,4109,1947,652,284,914,1493,1859,2047,920,872,738,298,474,3396,3145,4726,4894,5293,6039,6195,5701,5412,3418,5488,5783,6959,6977,6885,6062,6100,5959,5601,6239,5040,3783,5198,5080,5443,5040,5920,5169,3214,3895,2452,2546,1983,1886,2835,3279,3660,4557,4812,3556,3575,4082,4041,3697,2809,1293,2540,3169,3729,3479,3656,3520,3233,4171,3980,3837,3471,1264,2903,3281,[x],3518,3619,3009,3048,3076
9265,Bar staff,2732,2903,4420,4977,4808,3939,3309,3666,3167,2980,3253,1893,2867,2775,3246,2885,2749,3087,3050,3111,3762,3903,3510,1943,2869,2823,2971,2954,3492,3225,3036,4118,3691,3601,3274,2338,3049,3323,1968,789,512,997,1509,2268,2103,1371,1094,1000,1130,1037,3578,3087,4439,4676,4882,5205,5175,4573,4355,2671,4491,4777,5924,5482,6064,4841,5411,5714,4974,5839,5132,3268,5490,4872,5175,4839,6216,5277,3062,3737,2467,2344,1995,1695,2904,3302,3415,4711,4939,3928,4117,4485,4065,4269,3194,1437,2472,3637,4298,4000,4048,3814,3541,3839,3540,3694,3171,1064,2694,2925,[x],3483,3534,2916,3106,2935
9266,Coffee shop workers,480,505,720,814,861,758,546,798,594,574,450,278,635,420,497,463,417,491,518,688,884,815,624,384,546,450,334,334,614,582,632,798,836,1025,792,576,793,934,461,129,117,280,193,247,330,526,270,178,105,168,822,510,1587,1582,1784,2209,2473,2394,2049,1438,2226,1788,2603,2241,2263,2034,2144,2072,2177,2413,1827,1466,2116,1865,2054,1829,2264,2137,1211,1558,1122,825,626,696,1427,1361,1465,1894,2220,1712,1965,2046,2252,2114,1642,857,1660,1635,1800,1570,1757,1609,1720,2143,2110,1811,1615,707,1491,1561,[x],1615,1742,1398,1697,1614
9267,Leisure and theme park attendants,526,1600,1308,1183,1079,1282,3714,1285,1262,1295,1281,1219,1389,1516,1463,2139,1768,1274,2199,1881,2497,2058,1386,854,1159,935,1371,1292,1575,1535,1434,1718,1744,1875,1718,1130,1655,1919,1090,338,509,501,471,654,858,714,580,604,350,287,1103,1476,2066,2298,2506,2458,2780,3228,2726,2235,2944,2592,3654,3228,3108,2778,2657,2716,2573,2732,2805,1978,2840,2528,2867,2748,3298,3074,2120,2440,1949,1914,1527,1047,1903,1942,1852,2309,2330,2188,2314,2454,2374,2403,1808,1055,1771,1871,2059,1969,2404,2238,1940,2093,2560,2175,2112,772,1709,1608,[x],1802,2002,[x],[x],2013
9269,Other elementary services occupations n.e.c.,973,821,1108,1137,1106,1005,929,1199,2205,2569,2205,556,828,880,930,748,724,901,863,804,883,953,922,503,936,742,833,826,972,978,962,862,852,802,802,624,867,861,567,340,257,223,359,396,493,409,304,295,315,301,883,588,907,910,1028,940,1039,1007,968,773,966,1061,1150,1000,1151,978,1072,1040,1077,1044,931,779,973,889,940,810,1020,1072,599,678,509,520,520,527,622,624,692,833,859,810,787,756,686,677,522,291,508,622,698,646,739,705,660,674,704,704,616,301,653,612,[x],699,615,554,648,573
Unknown,Unknown,1425,1186,1299,1076,1166,1064,1046,1150,1075,1093,1123,885,1248,1090,1041,1007,1168,1160,1213,1675,1963,1960,1865,1393,2235,1300,1476,1179,1734,1507,1712,2111,2728,1845,1816,1342,1762,1782,1547,1135,839,797,950,859,951,1498,1003,1033,1227,1108,1650,1698,1854,1575,1952,1598,1593,1623,1725,1480,1540,1270,1791,1732,1837,1848,1562,1766,1483,1306,1259,1002,1217,981,888,905,1129,1078,751,679,585,707,594,574,666,679,515,473,557,433,535,488,503,493,473,306,456,540,531,414,615,437,502,449,496,514,433,252,395,375,[x],571,496,361,545,492
